"total","data__longitude","data__cone__asns","data__degree__providers","data__cone__prefixes","data__cone__addresses","data__degree__globals","data__degree__peers","data__degree__siblings","data__degree__customers","data__degree__transits","data__latitude","data__id","data__name","data__source","data__org__name","data__org__id","data__country","data__rank","data__clique","data__country_name"
"86622","-92.3312241433131","32759","","238712","795625728","5381","293","8","5088","5396","36.6367665181695","3356","LEVEL3","ARIN","Level 3 Parent, LLC","LPL-141-ARIN","US","1","true","United States"
"","-10.1798521440613","28902","","265611","895203584","2135","286","","1849","2134","59.9719858021065","1299","TELIANET","RIPE","Telia Company AB","ORG-TCA23-RIPE","EU","2","true","European Union"
"","-83.2940907486633","26664","","233340","908840704","5806","253","2","5553","5808","42.0543027573296","174","COGENT-174","ARIN","Cogent Communications","COGC-ARIN","US","3","true","United States"
"","-98.8232455443852","24578","","212139","657442048","2380","483","6","1897","2381","44.6569142112426","2914","NTT-COMMUNICATIONS-2914","ARIN","NTT America, Inc.","NTTAM-1-ARIN","US","4","true","United States"
"","-86.4313908306684","22113","","217160","537268480","1631","61","","1570","1633","43.9044405757361","3257","GTT-BACKBONE","RIPE","GTT Communications Inc.","ORG-GCI2-RIPE","DE","5","true","Germany"
"","-52.5005676436609","15131","","135280","287330304","482","61","","421","481","46.6409811965485","6762","SEABONE-NET","RIPE","TELECOM ITALIA SPARKLE S.p.A.","ORG-TIIO1-RIPE","IT","6","true","Italy"
"","-46.7406579890984","14688","","168477","565536512","822","87","1","735","822","58.1067397654425","6453","AS6453","ARIN","TATA COMMUNICATIONS (AMERICA) INC","TCA-51-ARIN","US","7","true","United States"
"","-111.704671203563","14527","5","127606","343764992","7453","6182","","1266","7449","42.0834408493001","6939","HURRICANE","ARIN","Hurricane Electric LLC","HURC-ARIN","US","8","true","United States"
"","-79.5393203084409","7961","","76030","141335296","1001","366","2","635","959","43.838374868597","3491","BTN-ASN","ARIN","PCCW Global, Inc.","BNA-42-ARIN","US","9","true","United States"
"","-68.5100122687789","6680","3","43206","50514176","2517","233","3","2281","2511","-0.509392146054628","3549","LVLT-3549","ARIN","Level 3 Parent, LLC","LPL-141-ARIN","US","10","false","United States"
"","22.3504135515244","6406","2","52364","159440384","336","91","","243","336","50.1258240139531","1273","CW","RIPE","Vodafone Group PLC","@aut-1273-RIPE","EU","11","false","European Union"
"","-88.0889988385023","6145","","39528","116280320","1746","173","9","1573","1746","44.2608769801714","6461","ZAYO-6461","ARIN","Zayo Bandwidth","ZAYOB-ARIN","US","12","true","United States"
"","16.6655758053398","5703","2","29296","32415488","1391","599","1","790","1386","55.586908505855","9002","RETN-AS","RIPE","RETN Limited","ORG-RL19-RIPE","UA","13","false","Ukraine"
"","-98.6548046247127","4588","","46986","238915072","1917","71","6","1846","1909","39.0487773503305","209","CENTURYLINK-US-LEGACY-QWEST","ARIN","Qwest Communications Company, LLC","QCC-18-ARIN","US","14","true","United States"
"","-65.6396263703156","4253","","36064","123077120","307","127","","180","304","41.2298710279307","12956","Telefonica","RIPE","Telefonica International Wholesale Services, SL","ORG-TDC1-RIPE","ES","15","true","Spain"
"","9.48486003215156","3853","","22201","163589376","613","63","1","550","612","50.6620883349539","3320","DTAG","RIPE","Deutsche Telekom AG","ORG-DTA2-RIPE","DE","16","true","Germany"
"","105.416556183278","3693","4","49646","62226944","593","402","1","187","592","4.966323278907","7473","SINGTEL-AS-AP","APNIC","Singapore Telecommunications Ltd","ORG-STIE1-AP-APNIC","SG","17","false","Singapore"
"","62.7814939459567","3551","9","19539","29306880","1092","204","71","879","1088","57.5310510687968","12389","ROSTELECOM-AS","RIPE","PJSC Rostelecom","ORG-JR8-RIPE","RU","18","false","Russia"
"","-95.0312879439791","3059","","23123","239747072","2413","47","3","2366","2245","36.6229502288433","7018","ATT-INTERNET4","ARIN","AT&T Services, Inc.","ATTW-Z-ARIN","US","19","true","United States"
"","58.8413669297299","3006","5","15245","17462016","1361","717","15","639","1361","59.7685257055262","20485","TRANSTELECOM","RIPE","Closed Joint Stock Company TransTeleCom","ORG-CJSC19-RIPE","RU","20","false","Russia"
"","126.422687743168","2774","6","36906","103088384","710","260","1","444","706","-0.106261651875132","4637","ASN-TELSTRA-GLOBAL","APNIC","Telstra Global - Customer AS Number","ORG-TIL3-AP-APNIC","SG","21","false","Singapore"
"","-89.9870292434098","2650","4","21387","115467776","222","108","32","110","221","40.6545412450446","7922","COMCAST-7922","ARIN","Comcast Cable Communications, LLC","CCCS-ARIN","US","22","false","United States"
"","-80.5540185532485","2510","","25749","206680320","1207","31","24","1176","1176","39.9399791427493","701","UUNET","ARIN","MCI Communications Services, Inc. d/b/a Verizon Business","MCICS-ARIN","US","23","true","United States"
"","42.04413072388","2431","4","12155","15160320","957","212","22","741","957","54.5995565181342","3216","SOVAM-AS","RIPE","PJSC ""Vimpelcom""","ORG-ES15-RIPE","RU","24","false","Russia"
"","-94.043821926106","2289","","15968","78426880","992","59","7","933","991","39.4403604228546","2828","XO-AS15","ARIN","MCI Communications Services, Inc. d/b/a Verizon Business","MCICS-ARIN","US","25","true","United States"
"","46.5353405258684","2099","7","10177","12564480","1315","791","15","517","1314","54.7981089337342","31133","MF-MGSM-AS","RIPE","PJSC MegaFon","ORG-OM1-RIPE","RU","26","false","Russia"
"","32.9149403374156","2083","4","8673","13280768","1755","1485","","266","1536","58.0335841844882","20764","RASCOM-AS","RIPE","CJSC RASCOM","ORG-CR2-RIPE","RU","27","false","Russia"
"","-53.7736704900444","2068","","21096","103282432","221","55","6","166","218","50.547036245005","5511","Opentransit","RIPE","Orange S.A.","ORG-FT2-RIPE","EU","28","true","European Union"
"","4.94746919263084","2052","","12362","47245056","366","197","3","169","285","52.3400050970237","286","KPN","RIPE","KPN B.V.","ORG-KOVN1-RIPE","NL","29","true","Netherlands"
"","-42.9035836494613","1983","11","15102","58077696","238","82","","145","235","-17.4836493963507","7738","","LACNIC","Telemar Norte Leste S.A.","@aut-7738-LACNIC","BR","30","false","Brazil"
"","76.8270139481818","1965","11","26989","29646080","1070","150","3","909","1069","23.8044932241728","9498","BBIL-AP","APNIC","BHARTI Airtel Ltd.","ORG-BAL1-AP-APNIC","IN","31","false","India"
"","12.0883862846202","1818","","11601","44304128","823","195","1","628","807","50.1480089391852","6830","LGI-UPC","RIPE","Liberty Global Operations B.V.","ORG-UNB2-RIPE","AT","32","true","Austria"
"","-85.8854898377987","1799","","23236","177013504","417","52","4","365","397","38.8880639044135","1239","SPRINTLINK","ARIN","Sprint","SPRN-ARIN","US","33","true","United States"
"","33.1536099836003","1696","8","17719","32188160","296","215","1","73","294","51.8189863616555","15412","FLAG-AS","RIPE","Reliance Globalcom Limited","ORG-FT3-RIPE","GB","34","false","United Kingdom"
"","38.0868268052903","1573","2","6061","9433856","594","238","56","354","593","56.2419258314086","8359","MTS","RIPE","MTS PJSC","ORG-ZM1-RIPE","RU","35","false","Russia"
"","-46.8741547541136","1499","4","6748","5311232","789","336","1","449","766","-21.4446982039293","16735","","LACNIC","ALGAR TELECOM S/A","@family-32437","BR","36","false","Brazil"
"","145.177901781325","1403","2","4222","19484416","371","27","1","342","363","-33.7950167105876","1221","ASN-TELSTRA","APNIC","Telstra Managed Network Services","ORG-TC6-AP-APNIC","AU","37","false","Australia"
"","-47.0849605438921","1298","1","7456","22990848","358","13","1","344","358","-22.9750237517245","10429","","LACNIC","Telefonica Data S.A.","@family-63593","BR","38","false","Brazil"
"","2.86900999999163","1116","6","6647","24515072","398","20","2","372","393","51.5273964632108","8928","INTEROUTE","RIPE","Interoute Communications Limited","ORG-ICL2-RIPE","CH","39","false","Switzerland"
"","37.9317426089509","1094","7","5766","7342848","1206","1064","","135","823","55.53648102755","28917","Fiord-AS","RIPE","LLC ""TRC FIORD""","ORG-JF1-RIPE","RU","40","false","Russia"
"","-43.959002882131","1079","8","8757","7225088","309","113","","188","308","-22.0986822801562","262589","","LACNIC","INTERNEXA Brasil Operadora de TelecomunicaÃ§Ãµes S.A","@aut-262589-LACNIC","BR","41","false","Brazil"
"","76.8299470871753","1035","4","18719","14267904","628","9","3","615","623","19.2183295746559","4755","TATACOMM-AS","APNIC","Tata Communications","ORG-TCL6-AP-APNIC","IN","42","false","India"
"","-70.7245457554616","993","7","4685","3883264","1300","1245","","48","1300","8.60627273878268","52320","","LACNIC","GlobeNet Cabos Submarinos Colombia, S.A.S.","@aut-52320-LACNIC","CO","43","false","Colombia"
"","144.884229024438","974","7","6014","7154176","1297","612","14","678","1294","-34.8022887378926","4826","VOCUS-BACKBONE-AS","APNIC","Vocus Communications","ORG-VPL1-AP-APNIC","AU","44","false","Australia"
"","8.42830510228149","940","4","4257","10200064","1230","1093","","133","1230","50.6505594503127","33891","CORE-BACKBONE","RIPE","Core-Backbone GmbH","ORG-IICG1-RIPE","DE","45","false","Germany"
"","113.46103985458","936","6","35213","303373824","162","79","","77","159","32.1005551049149","4134","CHINANET-BACKBONE","APNIC","No.31,Jin-rong Street","@family-39133","CN","46","false","China"
"","-86.6331227560233","906","2","9497","135092992","123","29","","92","122","39.3596194943835","11537","ABILENE","ARIN","Internet2","INTER-395-ARIN","US","47","false","United States"
"","4.13039088120575","899","4","3173","7440896","2493","1743","2","746","2493","48.5425354753276","8220","COLT","RIPE","COLT Technology Services Group Limited","ORG-CI9-RIPE","FR","48","false","France"
"","-51.2879526269525","875","6","11927","6659584","231","20","","205","221","-22.2797213834456","8167","","LACNIC","Brasil Telecom S/A - Filial Distrito Federal","@aut-8167-LACNIC","BR","49","false","Brazil"
"","35.9541238781573","869","8","3509","3757568","256","72","5","176","255","56.6547958117086","29076","CITYTELECOM-AS","RIPE","Filanco, ltd.","ORG-FL14-RIPE","RU","50","false","Russia"
"","-86.2737907582993","866","5","5123","45273600","54","24","11","25","53","41.016609478467","7843","TWCABLE-BACKBONE","ARIN","Time Warner Cable Internet LLC","RRMA-ARIN","US","51","false","United States"
"","-83.7194","763","2","4654","64615680","126","70","","54","126","42.2409","11164","INTERNET2-TRANSITRAIL-CPS","ARIN","Internet2","INTER-395-ARIN","US","52","false","United States"
"","127.195016572095","749","6","12952","62098176","594","146","3","442","593","37.2542706882863","4766","KIXS-AS-KR","APNIC","Korea Telecom","@family-39035","KR","53","false","South Korea"
"","138.486793886622","747","6","8030","80105472","329","121","","202","327","35.7657459074344","2516","KDDI","JPNIC","KDDI CORPORATION","@family-59243","JP","54","false","Japan"
"","35.930057025611","730","3","4574","15537920","564","503","","58","538","21.5634686831317","41095","IPTP","RIPE","IPTP LTD","ORG-IL238-RIPE","NL","55","false","Netherlands"
"","113.373215311906","704","19","8521","8450048","377","145","","213","371","33.9196641753789","4809","CHINATELECOM-CORE-WAN-CN2","APNIC","China Telecom Next Generation Carrier Network","@aut-4809-APNIC","CN","56","false","China"
"","-8.7404853320985","683","5","10913","101148672","1023","822","","196","1016","49.6316330734506","43531","IXREACH","RIPE","IX Reach Ltd","ORG-IRL5-RIPE","GB","57","false","United Kingdom"
"","17.7729469537466","672","3","1960","5202176","591","132","3","456","592","49.9384506187461","5588","GTSCE","RIPE","T-Mobile Czech Republic a.s.","ORG-RA2-RIPE","CZ","58","false","Czechia"
"","149.000639065443","654","3","5100","15915776","310","18","9","289","309","-34.7494389192309","7474","OPTUSCOM-AS01-AU","APNIC","Optus Vision","ORG-SOPL2-AP-APNIC","AU","59","false","Australia"
"","-45.7050680668391","647","3","3670","5857024","603","330","2","270","596","-20.1857259270918","18881","","LACNIC","TELEFÃNICA BRASIL S.A","@family-52504","BR","60","false","Brazil"
"","-0.11030069353468","641","","6388","80511744","70","10","2","60","70","52.2235444014649","20965","GEANT","RIPE","GEANT Limited","ORG-DLCU1-RIPE","EU","61","false","European Union"
"","114.150993252498","638","7","5777","14178048","1251","1067","2","177","1051","22.369554202588","9304","HUTCHISON-AS-AP","APNIC","Hutchison Global Communications","ORG-HGCL2-AP-APNIC","HK","62","false","Hong Kong"
"","-74.740759088423","607","4","1915","4148480","564","1","","559","564","41.0880204769105","46887","LIGHTOWER","RIPE","Lightower Fiber Networks (LIGHT-141)","@aut-46887-RIPE","US","63","false","United States"
"","-86.2890715948683","604","4","5126","17839872","460","26","6","430","459","37.3784995923268","7029","WINDSTREAM","ARIN","Windstream Communications LLC","WINDS-6-ARIN","US","64","false","United States"
"","-46.1959944500568","584","2","3523","12275712","102","13","","87","99","-22.075273572298","26615","","LACNIC","Tim Celular S.A.","@aut-26615-LACNIC","BR","65","false","Brazil"
"","29.1823769606313","582","5","3872","6086400","229","112","","112","227","59.6517514014311","31500","GLOBALNET-AS","RIPE","LLC GLOBALNET","ORG-ET23-RIPE","RU","66","false","Russia"
"","19.4698734071348","575","2","1439","8419584","290","9","4","279","288","51.7880568000889","5617","TPNET","RIPE","Orange Polska Spolka Akcyjna","ORG-PT1-RIPE","PL","67","false","Poland"
"","38.1450270467224","562","5","3106","4589568","836","735","","96","828","59.5423803526332","3267","RUNNET","RIPE","State Institute of Information Technologies and Telecommunications (SIIT&T ""Informika"")","ORG-RA27-RIPE","RU","68","false","Russia"
"","4.87827396199707","553","4","2096","16292096","1318","1072","1","242","1042","47.6523629707065","8218","NEO-ASN","RIPE","Zayo France SAS","ORG-NTG3-RIPE","FR","69","false","France"
"","145.706956248738","550","4","8531","7528960","245","119","5","122","237","-31.5469855882292","7545","TPG-INTERNET-AP","APNIC","TPG Telecom Limited","ORG-TIPL2-AP-APNIC","AU","70","false","Australia"
"","-101.007504729282","544","3","5446","17518592","536","25","1","508","533","36.1159423450503","22773","ASN-CXA-ALL-CCI-22773-RDC","ARIN","Cox Communications Inc.","CXA-ARIN","US","71","false","United States"
"","19.0223861321801","544","2","1310","4733696","482","38","1","442","480","51.7123395679513","12741","AS-NETIA","RIPE","Netia SA","ORG-NTS2-RIPE","PL","72","false","Poland"
"","128.676444177238","541","8","5819","21821952","545","476","1","61","543","32.089332867485","9505","TWGATE-AP","APNIC","Data Communication Business Group","ORG-CTCL1-AP-APNIC","TW","73","false","Taiwan"
"","7.72818373478571","537","2","2412","15465984","546","400","1","144","479","47.1823353042474","3303","SWISSCOM","RIPE","Swisscom (Switzerland) Ltd","ORG-SI1-RIPE","CH","74","false","Switzerland"
"","147.226301397787","522","4","4290","5750272","216","7","3","205","215","-34.5608885768818","2764","AAPT","APNIC","iiNet Technologies (SA) Pty Ltd","ORG-AL1-AP-APNIC","AU","75","false","Australia"
"","18.9525571334501","490","6","1199","1012224","371","36","4","329","341","50.3791491643305","50607","ASN-EPIX","RIPE","Stowarzyszenie e-Poludnie","ORG-SNRR2-RIPE","PL","76","false","Poland"
"","-46.0379891721955","481","6","3323","16836864","364","75","","283","363","-18.5187291593783","4230","","LACNIC","CLARO S.A.","@aut-4230-LACNIC","BR","77","false","Brazil"
"","138.478980171212","463","2","5496","44357888","325","138","","185","320","35.7766682302609","2497","IIJ","JPNIC","Internet Initiative Japan Inc.","@family-67432","JP","78","false","Japan"
"","127.275022392139","460","7","11093","33729792","445","128","","310","445","37.1102959452005","9318","SKB-AS","APNIC","SK Broadband Co Ltd","@family-38664","KR","79","false","South Korea"
"","47.6540567467185","459","4","4223","4870912","246","20","48","222","246","57.3174995676107","9049","ERTH-TRANSIT-AS","RIPE","JSC ""ER-Telecom Holding""","ORG-RA21-RIPE","RU","80","false","Russia"
"","-77.9261175168077","447","4","8986","14958080","318","76","2","238","318","44.7020283660384","577","BACOM","ARIN","Bell Canada","LINX-ARIN","CA","81","false","Canada"
"","127.246671270259","440","4","10427","36811520","476","151","2","321","475","37.3033988895953","3786","LGDACOM","APNIC","LG DACOM Corporation","@family-30163","KR","82","false","South Korea"
"","31.2722096384446","427","4","1775","1304832","357","102","3","251","357","49.8876945230021","21219","Datagroup","RIPE","PRIVATE JOINT STOCK COMPANY ""DATAGROUP""","ORG-DL9-RIPE","UA","83","false","Ukraine"
"","-47.0881906167605","427","7","1759","1286656","407","363","","37","407","-23.163226498853","22356","","LACNIC","Durand do Brasil Ltda","@aut-22356-LACNIC","BR","84","false","Brazil"
"","-73.8809797892833","424","3","1256","6846464","451","33","","415","448","40.836590439141","6128","CABLE-NET-1","ARIN","Cablevision Systems Corp.","CVNT-Z-ARIN","US","85","false","United States"
"","37.9506863446752","421","2","1267","3187968","283","111","2","170","282","55.6092487688826","8732","COMCOR-AS","RIPE","OJSC Comcor","ORG-CA35-RIPE","RU","86","false","Russia"
"","19.3361","417","","1064","850688","348","8","","340","348","50.2061","201054","ASN-EPIX-POLMIX","RIPE","Stowarzyszenie e-Poludnie","ORG-SNRR2-RIPE","PL","87","false","Poland"
"","30.1378338100732","415","4","2242","2198784","235","98","","133","235","49.4113270329241","35320","ETT-AS","RIPE","Eurotranstelecom Ltd","ORG-EA223-RIPE","UA","88","false","Ukraine"
"","30.4265448584688","411","3","15656","14447616","219","14","","202","214","40.0604424873508","9121","TTNet","RIPE","Turk Telekomunikasyon Anonim Sirketi","ORG-TT3-RIPE","TR","89","false","Turkey"
"","4.30551","400","","2172","12429824","949","770","1","179","460","52.091","20562","OPEN-PEERING-AS","RIPE","Broadband Hosting B.V","ORG-OPB1-RIPE","NL","90","false","Netherlands"
"","51.4422188989972","396","12","5127","8896000","87","4","1","71","82","35.4852420449037","12880","DCI-AS","RIPE","Information Technology Company (ITC)","ORG-TCOI1-RIPE","IR","91","false","Iran"
"","74.5580983480007","389","6","3873","2101760","284","3","","275","282","27.1401208346861","55410","VODAFONE-NET-AS-AP","APNIC","C48 Okhla Industrial Estate, New Delhi-110020","ORG-VMSL1-AP-APNIC","IN","92","false","India"
"","22.7297797323263","389","4","3045","3755008","252","111","","137","238","46.398617334231","6663","TTI-NET","RIPE","Euroweb Romania S.A.","ORG-ERS6-RIPE","RO","93","false","Romania"
"","-93.4225255354731","386","4","3085","12493312","409","36","6","369","407","39.4804832053432","20115","CHARTER-NET-HKY-NC","ARIN","Charter Communications","CC04-ARIN","US","94","false","United States"
"","10.890908258584","378","4","2031","27693312","461","212","","245","459","43.9568002484053","12874","FASTWEB","RIPE","Fastweb SpA","ORG-FA7-RIPE","IT","95","false","Italy"
"","-46.8647156943419","378","4","1593","742400","1359","1174","","181","338","-16.6564061146207","28329","","LACNIC","G8 NETWORKS LTDA","@aut-28329-LACNIC","BR","96","false","Brazil"
"","24.857268098591","376","5","1382","1186816","273","96","","172","265","50.3101573222226","3255","UARNET-AS","RIPE","State Enterprise Scientific and Telecommunication Centre ""Ukrainian Academic and Research Network"" of the Institute for Condensed Matter Physics of the National Academy of Science of Ukraine (UARNet)","ORG-SESA1-RIPE","UA","97","false","Ukraine"
"","17.9387411258276","373","1","1964","11913472","185","81","","103","173","56.4089614720896","1257","SWIPNET","RIPE","TELE2","@aut-1257-RIPE","EU","98","false","European Union"
"","","365","4","1071","1341952","87","3","","80","85","","25478","IHOME-AS","RIPE","iHome LLC","ORG-IJ5-RIPE","RU","99","false","Russia"
"","49.8237","358","8","3049","4278272","145","101","","36","138","40.4167","29049","Delta-Telecom-AS","RIPE","Delta Telecom Ltd","ORG-AL1-RIPE","AZ","100","false","Azerbaijan"
"","75.2521165413373","353","1","3382","2033152","224","5","2","218","224","22.1388171160632","18101","RELIANCE-COMMUNICATIONS-IN","APNIC","BROADBAND WIRELESSS INTERNET SERVICE PROVIDER","ORG-RCL5-AP-APNIC","IN","101","false","India"
"","19.3308474345551","350","3","2064","2967040","182","73","2","106","181","47.3514322591804","5483","HTC-AS","RIPE","Magyar Telekom plc.","ORG-HTM1-RIPE","HU","102","false","Hungary"
"","121.466118140406","348","8","4647","37394432","1496","1434","2","54","188","17.252050480344","10026","PACNET","APNIC","Pacnet MY","ORG-PSC1-AP-APNIC","MY","103","false","Malaysia"
"","25.3503960515591","347","7","1948","3263744","304","116","1","181","302","45.4919351235474","9050","RTD","RIPE","TELEKOM ROMANIA COMMUNICATION S.A","ORG-AA45-RIPE","RO","104","false","Romania"
"","4.47240380918942","344","4","1681","19736064","212","112","1","96","212","52.4926598378349","5400","BT","RIPE","British Telecommunications plc","ORG-CNS3-RIPE","NL","105","false","Netherlands"
"","24.9055394029479","343","2","857","2693632","416","97","1","317","409","45.5995712327203","8708","RCS-RDS","RIPE","RCS & RDS SA","ORG-RA18-RIPE","RO","106","false","Romania"
"","90.4071","342","4","2602","1033472","45","22","","19","44","23.7098","132602","BANGLADESH-AS-AP","APNIC","Bangladesh Submarine Cable Company Limited (BSCCL)","ORG-BSCC1-AP-APNIC","BD","107","false","Bangladesh"
"","-78.2965729204783","341","4","5465","9224960","143","10","","129","142","15.5697179784497","23520","COLUMBUS-NETWORKS","ARIN","Columbus Networks USA, Inc.","CNU-6-ARIN","US","108","false","United States"
"","-50.9542335456099","334","4","1756","1020672","1396","1223","","169","214","-28.9995655975283","25933","","LACNIC","Vogel SoluÃ§Ãµes em Telecom e InformÃ¡tica S/A","@aut-25933-LACNIC","BR","109","false","Brazil"
"","102.977235931922","333","10","5041","9477120","409","322","","77","408","3.68942629770884","4788","TMNET-AS-AP","APNIC","Telekom Malaysia Access Point Service.","ORG-TTMB1-AP-APNIC","MY","110","false","Malaysia"
"","112.186333299999","327","11","5068","14084096","469","195","1","263","463","-4.51237784210805","7713","telkomnet-as-ap","APNIC","PT Telekomunikasi Indonesia","ORG-TI10-AP-APNIC","ID","111","false","Indonesia"
"","8.42597348468141","322","3","1144","2918144","1994","1796","","195","338","50.4317031322654","13237","LAMBDANET-AS","RIPE","euNetworks Managed Services GmbH","ORG-LC1-RIPE","DE","112","false","Germany"
"","-68.776559498435","321","11","2191","14670336","373","308","1","54","371","52.8119175971024","12989","HWNG","RIPE","StackPath LLC","ORG-SL596-RIPE","NL","113","false","Netherlands"
"","28.2626393682062","318","6","1054","1455360","132","52","","74","131","49.9098322985968","13249","ITS-UA","RIPE","IT Systems LLC","ORG-PA25-RIPE","UA","114","false","Ukraine"
"","","314","","781","596480","54","53","1","1","54","","201053","ASN-EPIX-TRANSIT","RIPE","Stowarzyszenie e-Poludnie","ORG-SNRR2-RIPE","PL","115","false","Poland"
"","48.3138356950034","296","7","2677","16526080","1930","1783","","140","1721","-12.4685369510155","37100","SEACOM-AS","AFRINIC","SEACOM Limited","ORG-SL75-AFRINIC","MU","116","false","Mauritius"
"","-115.119494246914","294","5","5236","8986368","219","50","","164","216","50.7713333164592","6327","SHAW","ARIN","Shaw Communications Inc.","SHAWC-2-ARIN","CA","117","false","Canada"
"","-122.220205255624","294","4","1551","3077888","315","166","","145","315","43.7133936616114","11404","AS-VOBIZ","ARIN","vanoppen.biz LLC","VIS-47-ARIN","US","118","false","United States"
"","-60.4549060146296","292","1","3192","6168832","149","4","1","144","146","-35.8993328552914","22927","","LACNIC","Telefonica de Argentina","@family-55781","AR","119","false","Argentina"
"","0.369568884898773","292","15","2246","1651456","266","145","1","106","244","58.4058494048085","9009","M247","RIPE","M247 Ltd","ORG-GL37-RIPE","GB","120","false","United Kingdom"
"","-5.81918212200182","290","2","2111","2120704","1478","1378","","98","1478","55.717072007879","5580","HIBERNIA","RIPE","Hibernia Networks (Netherlands) BV","ORG-AIN1-RIPE","NL","121","false","Netherlands"
"","-41.3501377155216","290","5","1373","606976","129","43","","81","129","-3.15560685957013","61832","","LACNIC","Fortel Fortaleza Telecomunicacoes Ltda","@aut-61832-LACNIC","BR","122","false","Brazil"
"","20.1881971666549","289","3","904","1429504","302","111","1","188","301","51.8071173884822","20804","ASN-TELENERGO","RIPE","Exatel S.A.","ORG-TS16-RIPE","PL","123","false","Poland"
"","104.374229423371","288","10","3478","2886144","465","309","3","146","464","2.29549657799825","4657","STARHUBINTERNET-AS","APNIC","Singapore Government Network AS","ORG-SIPL5-AP-APNIC","SG","124","false","Singapore"
"","21.0152777116466","288","2","771","1408000","150","69","3","79","150","52.2316183767594","24724","ATMAN-Foreign-AS","RIPE","ATM S.A.","ORG-AS25-RIPE","PL","125","false","Poland"
"","-55.1917889236097","286","10","1877","1289984","382","102","1","270","381","65.3601106210203","32787","PROLEXIC-TECHNOLOGIES-DDOS-MITIGATION-NETWORK","ARIN","Akamai Technologies, Inc.","AKAMAI-ARIN","US","126","false","United States"
"","-43.3074317179316","282","5","1609","891136","2005","1853","","147","260","-18.3140186325887","23106","","LACNIC","Cemig TelecomunicaÃ§Ãµes SA","@aut-23106-LACNIC","BR","127","false","Brazil"
"","138.279731272155","276","6","2992","57240320","140","29","","105","138","35.6265397519903","17676","GIGAINFRA","JPNIC","Softbank BB Corp.","@aut-17676-JPNIC","JP","128","false","Japan"
"","-42.2537134751982","274","7","4522","8800512","219","172","1","40","218","58.7892798603371","8966","Etisalat-AS","RIPE","Emirates Telecommunications Corporation","ORG-ETC1-RIPE","AE","129","false","United Arab Emirates"
"","4.90726519848329","269","9","1311","11174400","184","1","1","174","184","52.3770850388662","24785","JOINTTRANSIT-AS","RIPE","Broadband Hosting B.V","ORG-OPB1-RIPE","NL","130","false","Netherlands"
"","-84.3306256343083","268","2","1531","9432064","253","4","1","247","248","40.4266670772649","10796","SCRR-10796","ARIN","Time Warner Cable Internet LLC","RRMA-ARIN","US","131","false","United States"
"","92.8530089878592","265","9","4179","4304128","172","136","2","27","172","54.4905401216163","4651","THAI-GATEWAY","APNIC","The Communications Authority of Thailand(CAT)","ORG-CTPC1-AP-APNIC","TH","132","false","Thailand"
"","3.15140858752802","264","2","1633","14019584","280","47","6","231","276","52.1247389026363","702","UUNET","ARIN","MCI Communications Services, Inc. d/b/a Verizon Business","MCICS-ARIN","US","133","false","United States"
"","15.7306713163171","264","2","1456","3394048","1296","1121","2","173","1296","58.9603633148234","12552","IPO-EU","RIPE","IP-Only Networks AB","ORG-ITCA1-RIPE","SE","134","false","Sweden"
"","2.05083454655578","260","1","2148","27073024","179","14","8","164","172","46.7906780173378","3215","AS3215","RIPE","Orange S.A.","ORG-FT2-RIPE","EU","135","false","European Union"
"","16.160974353967","260","2","813","5677824","544","524","","18","544","58.4981541108795","2603","NORDUNET","RIPE","NORDUnet","ORG-NA47-RIPE","NO","136","false","Norway"
"","-6.10977049451862","259","4","2254","1308160","263","135","1","124","260","57.9434671614164","3223","VOXILITY","RIPE","Voxility S.R.L.","ORG-VS46-RIPE","RO","137","false","Romania"
"","14.9191755321951","258","6","897","5403648","1069","937","4","126","1069","47.7995750288736","8447","TELEKOM-AT","RIPE","A1 Telekom Austria AG","ORG-TAA1-RIPE","AT","138","false","Austria"
"","116.208854445771","251","7","10281","86728704","129","52","1","70","123","35.9617613493091","4837","CHINA169-Backbone","APNIC","CNCGROUP old Jitong IP network","@family-59432","CN","139","false","China"
"","50.9905683018606","251","9","3567","8526336","30","2","1","19","29","35.4447966140419","48159","TIC-AS","RIPE","Telecommunication Infrastructure Company","ORG-TIC4-RIPE","IR","140","false","Iran"
"","-112.979252169805","249","2","1212","8431872","307","99","3","206","307","42.8349738148483","7385","INTEGRATELECOM","ARIN","Integra Telecom, Inc.","ITCM-ARIN","US","141","false","United States"
"","8.09336316308138","248","1","820","1719808","904","802","","101","836","47.494419864242","13030","INIT7","RIPE","Init7 (Switzerland) Ltd.","ORG-ISA1-RIPE","CH","142","false","Switzerland"
"","","247","3","2157","5486592","14","1","1","10","14","","49666","TIC-GW-AS","RIPE","Telecommunication Infrastructure Company","ORG-TIC4-RIPE","IR","143","false","Iran"
"","30.2657187465352","243","4","710","1020928","205","107","2","94","205","50.2721830132611","15772","WNET","RIPE","LLC ""WNET UKRAINE""","ORG-WNI2-RIPE","UA","144","false","Ukraine"
"","15.7298027499434","242","7","780","4038912","298","190","1","101","298","48.3137621425276","1764","NEXTLAYER-AS","RIPE","Next Layer Telekommunikationsdienstleistungs- und Beratungs GmbH","ORG-NLTU1-RIPE","AT","145","false","Austria"
"","32.265044590798","239","2","1321","822272","220","93","","125","219","50.0699062768242","3326","AS3326-BLINKING-MEGABIT","RIPE","PRIVATE JOINT STOCK COMPANY ""DATAGROUP""","ORG-DL9-RIPE","UA","146","false","Ukraine"
"","-47.3211054365255","239","4","1104","516096","1295","1170","","121","161","-23.9139055865856","14840","","LACNIC","COMMCORP COMUNICACOES LTDA","@family-53270","BR","147","false","Brazil"
"","-87.5273110513874","238","1","901","17210624","223","1","2","221","223","41.3376982075565","33491","COMCAST-33491","ARIN","Comcast Cable Communications, LLC","CCCS-ARIN","US","148","false","United States"
"","83.7617","233","","1030","1266944","104","17","","87","104","53.3563","13094","SFO-IX-AS","RIPE","LLC Milecom","ORG-LM130-RIPE","RU","149","false","Russia"
"","115.604553672154","230","7","15498","68031232","406","348","1","51","406","34.7312288710359","58453","CMI-INT-HK","APNIC","Level 30, Tower 1","ORG-CMIL1-AP-APNIC","HK","150","false","Hong Kong"
"","106.75","229","3","1731","618752","86","","","83","86","-6.133","58463","PGASCOM-AS-AP","APNIC","PT.PGAS TELEKOMUNIKASI NUSANTARA","ORG-PTN1-AP-APNIC","ID","151","false","Indonesia"
"","31.349193371247","229","4","781","748544","186","97","1","85","185","49.7789835331982","35297","DATALINE-AS","RIPE","Dataline LLC","ORG-DL91-RIPE","UA","152","false","Ukraine"
"","-1.32635844388415","226","9","1386","32253696","241","39","1","193","240","40.7460569785393","3352","Telefonica_de_Espana","RIPE","TELEFONICA DE ESPANA","ORG-TDE1-RIPE","ES","153","false","Spain"
"","37.6247681723623","225","5","651","734464","118","58","","55","118","55.7041987452895","42861","FOTONTELECOM","RIPE","Foton Telecom CJSC","ORG-JCT5-RIPE","RU","154","false","Russia"
"","-97.0786249343887","224","15","1463","1122560","359","127","1","217","350","55.6660509219883","20473","AS-CHOOPA","ARIN","Choopa, LLC","CHOOP-1-ARIN","US","155","false","United States"
"","-91.4811462284884","224","3","1259","9457152","230","6","2","221","226","43.0456840172606","3561","CENTURYLINK-LEGACY-SAVVIS","ARIN","Savvis","SAVVI-3-ARIN","US","156","false","United States"
"","137.511289952846","222","1","2855","92136448","143","17","5","125","141","35.7592705189744","4713","OCN","JPNIC","NTT Communications Corporation","@family-22757","JP","157","false","Japan"
"","29.8319630029001","221","8","3698","4066048","195","4","","183","193","40.1876358740497","34984","TELLCOM-AS","RIPE","TELLCOM ILETISIM HIZMETLERI A.S.","ORG-BTHA1-RIPE","TR","158","false","Turkey"
"","-60.1809740573458","220","5","3412","5120512","176","7","1","164","167","-32.6419116576231","7303","","LACNIC","Telecom Argentina S.A.","@family-56825","AR","159","false","Argentina"
"","5.08028428212809","218","7","2115","6656256","116","98","","11","103","67.5823179866358","200612","GulfBridgeInternational","RIPE","Gulf Bridge International Inc.","ORG-GBII1-RIPE","AE","160","false","United Arab Emirates"
"","27.5644164397273","216","3","2332","7576320","186","94","","89","185","-26.7480497031541","37179","AFRICAINX","AFRINIC","Africa Independent Network Exchange (Pty) LTD (AfricaINX)","ORG-AINE1-AFRINIC","ZA","161","false","South Africa"
"","106.803995271267","216","6","1969","3943424","266","102","1","158","249","-5.90630878441334","4761","INDOSAT-INP-AP","APNIC","INDOSAT Internet Network Provider","ORG-PIT1-AP-APNIC","ID","162","false","Indonesia"
"","90.4189542475561","216","7","1313","361984","107","15","","85","107","23.7039122055635","58717","SUMMITCOMMUNICATIONS-BD","APNIC","Summit Communications Ltd","ORG-SCL5-AP-APNIC","BD","163","false","Bangladesh"
"","9.4136499204354","216","4","958","19270144","292","112","","176","289","51.535826668835","8881","VERSATEL","RIPE","1&1 Versatel Deutschland GmbH","ORG-KG4-RIPE","DE","164","false","Germany"
"","3.95311742891195","214","3","1184","1696256","603","503","2","97","341","52.6243504706707","8455","ATOM86-AS","RIPE","Schuberg Philis B.V.","ORG-SPB2-RIPE","NL","165","false","Netherlands"
"","111.671422499601","213","8","1483","520704","241","98","","135","236","1.13202451565348","23947","MORATELINDONAP-AS-ID","APNIC","PT.Mora Telematika Indonesia","@aut-23947-APNIC","ID","166","false","Indonesia"
"","37.3011146736827","213","8","596","468736","875","723","","144","875","55.9782726885356","29226","MASTERTEL-AS","RIPE","JSC Mastertel","ORG-JM2-RIPE","RU","167","false","Russia"
"","-40.1321020918155","210","5","891","380672","224","102","","117","224","-5.44170791125137","28598","","LACNIC","Mob Servicos de Telecomunicacoes Ltda","@aut-28598-LACNIC","BR","168","false","Brazil"
"","11.8997050095274","209","4","3166","23874560","190","8","1","178","186","43.2307638295369","3269","ASN-IBSNAZ","RIPE","Telecom Italia S.p.a.","ORG-IA34-RIPE","IT","169","false","Italy"
"","38.8995754301268","205","8","1430","1799424","120","61","","51","106","51.7420052715442","43727","KVANT-TELECOM","RIPE","KVANT-TELEKOM Closed Joint Stock Company","ORG-CJSC21-RIPE","RU","170","false","Russia"
"","-112.959341059886","202","6","1928","9613056","367","224","3","137","174","51.174303489902","852","ASN852","ARIN","TELUS Communications Inc.","TACE-ARIN","CA","171","false","Canada"
"","19.3361","202","7","490","385792","231","69","1","155","231","50.2061","62081","ASN-SNRRSIEP","RIPE","Stowarzyszenie e-Poludnie","ORG-SNRR2-RIPE","PL","172","false","Poland"
"","90.4185594201794","200","4","1155","530432","61","20","2","37","61","23.69323870415","17494","BTTB-AS-AP","APNIC","Bangladesh University of Engineering and Technology","ORG-BTTB1-AP-APNIC","BD","173","false","Bangladesh"
"","-86.9563163124852","196","1","1460","3615232","152","7","1","144","152","46.9657555069854","15290","ALLST-15290","ARIN","Allstream Corp.","ACCA-2-ARIN","CA","174","false","Canada"
"","-101.162139529835","195","3","2442","16012288","261","83","4","175","201","37.7517515420786","5650","FRONTIER-FRTR","ARIN","Frontier Communications of America, Inc.","FRTR-ARIN","US","175","false","United States"
"","35.8775754168743","191","7","1510","3152384","196","123","","66","186","-6.53172981750637","37662","WIOCC-AS","AFRINIC","West Indian Ocean Cable Company","ORG-WIOC1-AFRINIC","MU","176","false","Mauritius"
"","24.0579565417752","191","6","652","1340672","217","110","","101","217","56.9425489960108","12578","APOLLO-AS","RIPE","SIA Lattelekom","ORG-LA16-RIPE","LV","177","false","Latvia"
"","101.093659000031","190","8","2064","3214848","133","93","","32","132","14.9824162960707","38082","IIT-TIG-AS-AP","APNIC","True International Gateway Co., Ltd.","ORG-TIGC1-AP-APNIC","TH","178","false","Thailand"
"","-50.865305600414","187","5","995","390912","179","32","","142","181","-26.6537621690965","53062","","LACNIC","G G NET - TelecomunicaÃ§Ãµes LTDA EPP","@aut-53062-LACNIC","BR","179","false","Brazil"
"","4.27763300804065","187","5","603","753664","1221","1147","","69","994","47.1525080852687","29075","IELO","RIPE","Lost Oasis SARL","ORG-LOS3-RIPE","FR","180","false","France"
"","-1.10101064590928","185","3","360","237056","1337","1313","1","21","109","52.5997913255307","3252","FBRX-AS","RIPE","Fiberax Networking&Cloud Ltd.","ORG-FNL18-RIPE","GB","181","false","United Kingdom"
"","-1.46297406913696","184","4","875","13808640","222","36","1","182","217","52.4638678044529","2856","BT-UK-AS","RIPE","British Telecommunications PLC","ORG-BPIS1-RIPE","GB","182","false","United Kingdom"
"","-35.3104317899202","184","2","728","367616","123","41","","80","124","-7.18033700349963","53087","","LACNIC","TELY Ltda.","@aut-53087-LACNIC","BR","183","false","Brazil"
"","147.174001728134","183","9","969","1805056","2136","2042","","85","189","-36.8498960049252","38880","M21-AS-AP","APNIC","Micron21 Datacentre Pty Ltd","@aut-38880-APNIC","AU","184","false","Australia"
"","175.27090138317","182","6","1102","2404096","97","37","5","54","97","-37.9494187731356","4648","SPARK-NZ","APNIC","Spark New Zealand Trading Ltd.","ORG-SNZT1-AP-APNIC","NZ","185","false","New Zealand"
"","-78.6849593293642","180","6","1741","6072832","175","28","3","141","172","44.2710472050293","812","ROGERS-COMMUNICATIONS","ARIN","Rogers Communications Canada Inc.","RCC-182-ARIN","CA","186","false","Canada"
"","-46.0602623966087","180","4","830","444416","106","33","","69","106","-19.1376834503037","263444","","LACNIC","Open X Tecnologia Ltda","@aut-263444-LACNIC","BR","187","false","Brazil"
"","-97.6208844469606","179","2","794","5551616","156","2","1","152","153","31.9237118923801","11427","SCRR-11427","ARIN","Time Warner Cable Internet LLC","RRMA-ARIN","US","188","false","United States"
"","17.9624557145405","178","1","684","1370880","125","99","2","25","125","52.0709742688562","196844","PIONIER-AS-ams-ix","RIPE","Institute of Bioorganic Chemistry Polish Academy of Science, Poznan Supercomputing and Networking Center","ORG-PSAN1-RIPE","PL","189","false","Poland"
"","8.08015348179934","177","4","601","3066112","549","455","1","90","548","47.1202323347456","6730","SUNRISE","RIPE","Sunrise Communications AG","ORG-STSA1-RIPE","CH","190","false","Switzerland"
"","-71.9562046090918","175","1","906","13296896","169","2","1","166","168","42.366653757349","7015","COMCAST-7015","ARIN","Comcast Cable Communications, LLC","CCCS-ARIN","US","191","false","United States"
"","13.3144411788845","175","4","452","1246720","89","8","1","77","86","51.0678093312462","39392","SUPERNETWORK-AS","RIPE","SuperNetwork s.r.o.","ORG-SS59-RIPE","SK","192","false","Slovakia"
"","78.3405073827453","174","3","1882","668928","127","","2","124","127","19.2024322993307","45820","TTSL-MEISISP","APNIC","Tata Teleservices ISP AS","ORG-TD1-AP-APNIC","IN","193","false","India"
"","89.9868327455461","174","4","883","365312","79","18","","57","79","23.714622990227","58587","FIBERATHOME-BD","APNIC","Fiber@Home Limited","ORG-FHL2-AP-APNIC","BD","194","false","Bangladesh"
"","31.07727130103","173","6","1208","4446464","1799","1698","1","95","244","-12.4662939617256","30844","LIQUID-AS","RIPE","Liquid Telecommunications Ltd","ORG-ESSL1-RIPE","GB","195","false","United Kingdom"
"","31.2669321849718","172","5","700","656896","152","89","1","58","152","48.9599189832956","12883","UCOMLINE","RIPE","PRIVATE JOINT-STOCK COMPANY ""FARLEP-INVEST""","ORG-FA14-RIPE","UA","196","false","Ukraine"
"","-62.454827538814","171","6","1882","740096","155","19","","130","151","-35.1576935349493","7049","","LACNIC","Silica Networks Argentina S.A.","@aut-7049-LACNIC","AR","197","false","Argentina"
"","-36.6660380625784","168","3","539","272896","141","38","","100","139","-8.14730661977865","52965","","LACNIC","1TELECOM SERVICOS DE TECNOLOGIA EM INTERNET LTDA","@aut-52965-LACNIC","BR","198","false","Brazil"
"","37.5657423819149","165","6","715","752896","168","78","","84","167","55.8145218019065","12695","DINET-AS","RIPE","JSC Digital Network","ORG-DNJ1-RIPE","RU","199","false","Russia"
"","107.011028760147","164","4","1426","402688","95","30","1","61","94","-6.39476935145317","58552","MULTIDATA-ID-AP","APNIC","PT Multidata Rancana Prima","@family-22377","ID","200","false","Indonesia"
"","-75.8616593501148","164","4","748","1601792","157","","","153","157","42.0084589356646","16657","FIBERTECH-NETWORKS-AS-ROC-NY-US","ARIN","Fibertech Networks, LLC","FNL-4-ARIN","US","201","false","United States"
"","9.29911305405322","162","4","1591","15167232","169","59","","106","162","50.8643794437336","3209","VODANET","RIPE","Vodafone GmbH","ORG-MAT1-RIPE","DE","202","false","Germany"
"","46.2774269595651","161","9","256","330752","247","79","","159","243","58.4260188566473","2854","ROSPRINT-AS","RIPE","LLC Equant","ORG-GORC1-RIPE","RU","203","false","Russia"
"","103.604900552426","160","5","1015","2288640","105","1","2","99","105","1.73384204206794","3758","SINGNET","APNIC","SingNet Business Dept","ORG-SPL1-AP-APNIC","SG","204","false","Singapore"
"","-113.044073932159","160","5","464","565504","162","1","","156","162","36.3900227738219","23005","SWITCH-LTD","ARIN","SWITCH, LTD","SWITC-2-ARIN","US","205","false","United States"
"","27.1249694135357","159","4","1326","8662272","764","694","1","66","745","-27.6323004367283","3741","IS","AFRINIC","Internet Solutions","ORG-TIS1-AFRINIC","ZA","206","false","South Africa"
"","-36.3618882831741","159","4","746","297216","98","31","","63","98","-9.7941390710099","61568","","LACNIC","FSF TECNOLOGIA LTDA ME","@aut-61568-LACNIC","BR","207","false","Brazil"
"","-70.5665","158","4","2217","1340928","13","1","2","8","13","-33.4254","27986","","LACNIC","ENTEL CHILE S.A.","@family-52217","CL","208","false","Chile"
"","18.6086203309492","158","4","511","2599424","49","7","","38","46","48.5064946790673","2607","SANET","RIPE","Zdruzenie pouzivatelov Slovenskej akademickej datovej siete","ORG-SAN1-RIPE","SK","209","false","Slovakia"
"","24.2223809614694","157","8","1234","827136","257","102","5","147","248","42.8227553452166","8717","SPECTRUMNET","RIPE","MOBILTEL EAD","ORG-MN1-RIPE","BG","210","false","Bulgaria"
"","121.795545479849","153","11","2170","3142656","252","107","5","134","177","14.5433646718833","9299","IPG-AS-AP","APNIC","Philippine Long Distance Telephone Company","@family-17729","PH","211","false","Philippines"
"","-52.6322774155892","153","2","886","439040","102","33","","67","101","-27.3219161651829","28146","","LACNIC","MHNET TELECOM","@aut-28146-LACNIC","BR","212","false","Brazil"
"","14.558200170224","153","5","655","1223168","128","14","","109","125","46.0675482841419","5603","SIOL-NET","RIPE","Telekom Slovenije d.d.","ORG-SID2-RIPE","SI","213","false","Slovenia"
"","20.6236080361845","151","4","1132","1646080","185","104","","77","176","44.6018052178824","8400","TELEKOM-AS","RIPE","TELEKOM SRBIJA a.d.","ORG-TS21-RIPE","RS","214","false","Serbia"
"","20.4185805679722","151","6","330","183552","143","3","4","134","141","51.9595368043325","15694","ATMAN-ISP-AS","RIPE","ATM S.A.","ORG-AS25-RIPE","PL","215","false","Poland"
"","37.103477774658","149","7","487","413696","147","55","5","85","145","56.010708996094","8641","NAUKANET-AS","RIPE","LLC ""Nauka-Svyaz""","ORG-NA41-RIPE","RU","216","false","Russia"
"","-105.080082480122","148","5","3398","5798400","92","37","","50","92","29.4555128398419","32098","TRANSTELCO-INC","ARIN","Transtelco Inc","TRANS-351-ARIN","US","217","false","United States"
"","24.2982757250811","147","10","1457","696320","171","82","","79","171","42.705175291832","57344","TELEHOUSE-AS","RIPE","Telehouse EAD","ORG-TE13-RIPE","BG","218","false","Bulgaria"
"","10.7902554072853","146","5","771","9578496","354","242","2","107","183","56.5435871013723","3292","TDC","RIPE","TDC A/S","ORG-TD1-RIPE","EU","219","false","European Union"
"","104.656464379425","145","","575","219136","145","23","1","122","144","-3.85945662533198","17922","INDOSAT-INP","APNIC","INDOSAT Internet Network Provider","ORG-PIT1-AP-APNIC","ID","220","false","Indonesia"
"","-43.9752326122389","145","2","554","455936","42","10","1","30","42","-22.9341353026206","26592","","LACNIC","EQUINIX BRASIL RJ","@family-6811","BR","221","false","Brazil"
"","-44.2394841506804","145","9","509","364800","91","53","","29","91","-13.182071823721","28663","","LACNIC","FLYS INTERATIVA LTDA","@aut-28663-LACNIC","BR","222","false","Brazil"
"","34.6403015325274","144","8","443","1935104","238","98","","132","218","32.4969027754312","1680","NV-ASN","RIPE","013 NetVision Ltd","ORG-NL5-RIPE","IL","223","false","Israel"
"","51.414","143","2","1579","2348544","7","","1","5","7","35.6896","41689","FCP-NETWORK","RIPE","Asiatech Data Transfer Inc PLC","ORG-AI34-RIPE","IR","224","false","Iran"
"","34.2338501733253","142","8","3895","1927168","259","122","1","129","247","32.6184230841652","8551","BEZEQ-INTERNATIONAL-AS","RIPE","Bezeq International-Ltd","ORG-IL9-RIPE","IL","225","false","Israel"
"","-103.9999999867","142","6","2443","14186496","16","2","1","8","15","23.8814260132093","28513","","LACNIC","Uninet S.A. de C.V.","@family-5555","MX","226","false","Mexico"
"","-121.804152736964","141","1","510","3389952","141","1","3","139","141","37.6310264402279","33651","CMCS","ARIN","Comcast Cable Communications, LLC","CCCS-ARIN","US","227","false","United States"
"","106.75","140","6","1149","348416","151","90","2","55","151","-6.133","45147","NAPINFO-TRANSIT-AS-AP","APNIC","PT. NAP Info Lintas Nusa","@family-22892","ID","228","false","Indonesia"
"","23.961286116616","140","9","881","433152","1941","1832","1","100","222","42.8030695969252","34224","NETERRA-AS","RIPE","Neterra Ltd.","ORG-NL38-RIPE","BG","229","false","Bulgaria"
"","-84.3667441668677","139","9","749","1413888","175","161","","5","172","48.2079673673708","29791","VOXEL-DOT-NET","ARIN","Voxel Dot Net, Inc.","VDN-1-ARIN","US","230","false","United States"
"","-39.7825332493655","138","4","711","342016","116","31","","81","115","-4.16533030538024","28368","","LACNIC","SOBRALNET SERVICOS E TELECOMUNICACOES LTDA - ME","@aut-28368-LACNIC","BR","231","false","Brazil"
"","-75.911943514528","137","7","537","721664","116","3","2","106","116","41.13978418788","13789","INTERNAP-BLK3","ARIN","Internap Network Services Corporation","PNAP-ARIN","US","232","false","United States"
"","24.9577552011439","136","5","1218","925440","194","92","","97","191","42.7211532219086","8866","BTC-AS","RIPE","Bulgarian Telecommunications Company Plc.","ORG-BTCP1-RIPE","BG","233","false","Bulgaria"
"","10.8970394032783","136","2","70","158208","25","8","","15","25","55.5324229834778","59469","SOLIDO-NETWORKS","RIPE","Solido Networks ApS","ORG-SNA30-RIPE","DK","234","false","Denmark"
"","-89.7066735100721","135","3","7759","84178176","8","1","4","4","8","40.4314101240589","721","DNIC-ASBLK-00721-00726","ARIN","DoD Network Information Center","DNIC-ARIN","US","235","false","United States"
"","106.313710301741","135","18","4900","7291136","214","107","1","89","177","17.6712943935316","45899","VNPT-AS-VN","APNIC","VNPT Corp","@family-38741","VN","236","false","Vietnam"
"","-1.54081918258388","135","3","859","9941760","168","33","","132","159","52.6831666858561","5089","NTL","RIPE","Virgin Media Limited","ORG-NI9-RIPE","GB","237","false","United Kingdom"
"","-47.5078174155485","135","5","726","441344","118","35","","78","115","-16.2895955504795","53237","","LACNIC","TELECOMUNICACOES BRASILEIRAS S. A. - TELEBRAS","@aut-53237-LACNIC","BR","238","false","Brazil"
"","40.0768235029031","135","6","566","1826816","154","102","","46","147","56.4219130369415","12714","TI-AS","RIPE","Net By Net Holding LLC","ORG-TL8-RIPE","RU","239","false","Russia"
"","32.3605492395138","135","6","517","931072","69","8","","55","68","49.6132028172654","6768","EUROTEL-AS","RIPE","EUROTELE-PLUS LLC","ORG-EL287-RIPE","UA","240","false","Ukraine"
"","18.1953922791354","135","1","510","707840","22","","1","21","22","52.0147787336081","13293","PIONIER-AS-COM","RIPE","Institute of Bioorganic Chemistry Polish Academy of Science, Poznan Supercomputing and Networking Center","ORG-PSAN1-RIPE","PL","241","false","Poland"
"","78.8232908427779","134","15","3092","1326592","186","107","","64","175","17.8661238655944","9583","SIFY-AS-IN","APNIC","Sify Limited Service Provider India","@family-54931","IN","242","false","India"
"","106.75","134","3","1406","392960","142","68","","71","140","-6.133","56258","PGAS-AS-ID","APNIC","PT. PGAS TELEKOMUNIKASI NUSANTARA","@aut-56258-APNIC","ID","243","false","Indonesia"
"","4.63265036698416","133","3","432","303360","871","768","1","100","871","44.7494935116318","30781","JAGUAR-AS","RIPE","Jaguar Network SAS","ORG-JA30-RIPE","FR","244","false","France"
"","114.495777958889","132","4","11493","57965568","39","7","6","28","34","36.8524565288773","9808","CMNET-GD","APNIC","Guangdong Mobile Communication Co.Ltd.","ORG-CM1-AP-APNIC","CN","245","false","China"
"","149.606284573689","132","5","984","634112","86","35","2","46","86","-30.3627560087888","38195","APEXN-SLC-AS","APNIC","SUPERLOOP (AUSTRALIA) PTY LTD","ORG-SPL2-AP-APNIC","AU","246","false","Australia"
"","-89.700942255425","132","3","813","10077952","205","163","","39","205","43.6211426251079","2381","WISCNET1-AS","ARIN","WiscNet","WISC-ARIN","US","247","false","United States"
"","14.8628428643669","132","4","299","1035264","805","745","2","56","800","49.9030738371648","29208","DIALTELECOM-AS","RIPE","Dial Telecom, a.s.","ORG-IA8-RIPE","CZ","248","false","Czechia"
"","106.293614399228","131","12","2548","1966592","154","37","","105","139","17.1114876713148","18403","FPT-AS-AP","APNIC","The Corporation for Financing & Promoting Technology","@aut-18403-APNIC","VN","249","false","Vietnam"
"","-51.5643477714828","131","5","713","318720","96","12","","79","94","-28.9088234232186","28283","","LACNIC","Adylnet Telecom","@aut-28283-LACNIC","BR","250","false","Brazil"
"","-46.8682896901165","131","3","521","361472","121","33","","85","122","-23.1798260569272","16397","","LACNIC","EQUINIX BRASIL SP","@family-5691","BR","251","false","Brazil"
"","106.287891066106","130","11","5368","5917696","100","36","","53","97","16.6443414172285","7552","VIETEL-AS-AP","APNIC","Viettel Group","@aut-7552-APNIC","VN","252","false","Vietnam"
"","-119.608790657958","130","5","1284","25078272","130","49","1","76","102","35.7639422654717","2152","CSUNET-NW","ARIN","California State University, Office of the Chancellor","CSU-ARIN","US","253","false","United States"
"","37.7217919130733","130","5","364","461312","85","18","","62","85","55.63634114188","8595","WESTCALL-AS","RIPE","OOO WestCall Ltd.","ORG-WL4-RIPE","RU","254","false","Russia"
"","","127","5","541","532992","121","57","","59","121","","48858","Milecom-as","RIPE","LLC Milecom","ORG-LM130-RIPE","RU","255","false","Russia"
"","75.123799978914","126","4","1125","608768","61","15","","42","61","45.6020110446258","41798","TTC-AS","RIPE","JSC Transtelecom","ORG-TA238-RIPE","KZ","256","false","Kazakhstan"
"","5.76850800383734","126","4","894","572672","157","75","","78","157","53.412651350885","50673","Serverius-as","RIPE","Serverius Holding B.V.","ORG-SHB2-RIPE","NL","257","false","Netherlands"
"","-86.4585","125","1","1995","29657344","11","8","","2","11","39.2176","22388","TRANSPAC","ARIN","Indiana University","INDIAN-ARIN","US","258","false","United States"
"","-85.9896901221573","125","5","523","849152","119","9","","105","119","42.4092207813598","26554","US-SIGNAL","ARIN","US Signal Company, L.L.C.","USSIG-1-ARIN","US","259","false","United States"
"","-120.341252339627","125","1","419","2109184","125","1","3","123","125","38.2034639007453","33667","CMCS","ARIN","Comcast Cable Communications, LLC","CCCS-ARIN","US","260","false","United States"
"","137.494743598708","123","2","1583","11903232","308","285","","21","111","35.5024660250102","7660","APAN-JP","JPNIC","Asia Pacific Advanced Network - Japan","@aut-7660-JPNIC","JP","261","false","Japan"
"","12.550376836202","123","3","908","12392192","195","108","","84","191","59.8359930319043","2119","TELENOR-NEXTEL","RIPE","Telenor Norge AS","ORG-NA38-RIPE","NO","262","false","Norway"
"","66.3220473744022","122","5","2996","1292288","136","75","","56","135","31.8135548156116","38193","TWA-AS-AP","APNIC","Transworld Associates (Pvt.) Ltd.","ORG-TAL1-AP-APNIC","PK","263","false","Pakistan"
"","-70.7797642946338","122","4","2406","1925376","30","10","","16","29","-33.5137661988943","52280","","LACNIC","INTERNEXA Chile S.A.","@aut-52280-LACNIC","CL","264","false","Chile"
"","51.1138393769891","121","5","1345","1443584","60","3","1","52","54","35.7916070831422","43754","ASIATECH","RIPE","Asiatech Data Transfer Inc PLC","ORG-AI34-RIPE","IR","265","false","Iran"
"","12.1132946565063","121","3","41","141056","19","3","","13","18","55.5640587033472","16095","JAYNET","RIPE","JAYNET A/S","ORG-JA1-RIPE","DK","266","false","Denmark"
"","45.9987","119","4","1732","1881856","20","8","","8","20","51.5431","60299","MMTS-AS","RIPE","Mezhdugorodnyaya Mezhdunarodnaya Telefonnaya Stanciya Ltd.","ORG-MMTS3-RIPE","RU","267","false","Russia"
"","23.7265","119","5","1216","4141824","133","120","","8","133","37.9843","12713","OTEGlobe","RIPE","OTEGlobe - OTE Global Solutions SA","ORG-OOGS1-RIPE","GR","268","false","Greece"
"","-46.1897709066059","119","5","582","285952","111","48","","58","94","-20.929040883799","53013","","LACNIC","WIX NET DO BRASIL LTDA","@aut-53013-LACNIC","BR","269","false","Brazil"
"","16.1283654506244","118","4","632","2006528","109","64","1","41","106","45.4229803787231","5391","T-HT","RIPE","Hrvatski Telekom d.d.","ORG-HA7-RIPE","HR","270","false","Croatia"
"","20.4735123508446","118","4","438","1209344","193","128","","61","189","44.7035782547729","31042","SERBIA-BROADBAND-AS","RIPE","Serbia BroadBand-Srpske Kablovske mreze d.o.o.","ORG-SKMS1-RIPE","RS","271","false","Serbia"
"","101.699999776513","117","5","987","2214144","142","103","","34","142","3.15668235239403","24218","GTC-MY-PIP-AS","APNIC","Global Transit Communications - Malaysia","ORG-GTC1-AP-APNIC","MY","272","false","Malaysia"
"","145.033589255974","117","7","906","5688832","873","792","11","74","135","-33.4975124249557","7575","AARNET-AS-AP","APNIC","AARNet","ORG-AAAR1-AP-APNIC","AU","273","false","Australia"
"","142.26212429229","117","7","788","1540608","104","20","3","77","100","-18.1474186861975","703","UUNET","ARIN","MCI Communications Services, Inc. d/b/a Verizon Business","MCICS-ARIN","US","274","false","United States"
"","107.813073247271","116","9","1076","306688","218","127","1","82","211","-6.44042492459781","17451","BIZNET-AS-AP","APNIC","BIZNET NETWORKS","@family-44647","ID","275","false","Indonesia"
"","-60.7992854670794","116","2","648","293376","104","1","","101","104","-36.5694200921904","52361","","LACNIC","ARSAT - Empresa Argentina de Soluciones Satelitales S.A.","@aut-52361-LACNIC","AR","276","false","Argentina"
"","29.3673189488877","115","4","1461","2234880","87","2","2","81","87","40.7847259399498","15924","BORUSANTELEKOM-AS","RIPE","VODAFONE NET ILETISIM HIZMETLERI ANONIM SIRKETI","ORG-BIHA1-RIPE","TR","277","false","Turkey"
"","-6.99145480735219","115","6","711","1011968","113","77","","30","108","53.0368837677089","31463","FourD-AS","RIPE","4D Data Centres Ltd","ORG-DCL10-RIPE","GB","278","false","United Kingdom"
"","-89.4847268297552","115","5","639","954112","132","27","","100","131","29.8873791218709","33132","FIBERNET-DIRECT","ARIN","Fibernet Direct","FPLFI-ARIN","US","279","false","United States"
"","","114","1","3100","2710528","85","8","","76","85","","12715","JAZZNET","RIPE","Orange Espagne S.A.U.","ORG-JTS1-RIPE","ES","280","false","Spain"
"","35.4999","114","4","1275","479232","81","","1","77","81","33.8861","42020","LibanTelecom","RIPE","LIBANTELECOM","ORG-LA84-RIPE","LB","281","false","Lebanon"
"","11.5262188387208","114","2","423","1273088","117","34","","81","116","55.813783388343","31027","NIANET-AS","RIPE","Nianet A/S","ORG-NA14-RIPE","DK","282","false","Denmark"
"","-3.57662745772016","113","4","1282","3585280","92","5","1","83","89","39.2076817856492","6739","ONO-AS","RIPE","VODAFONE ONO, S.A.","ORG-OA4-RIPE","ES","283","false","Spain"
"","-92.0422890226278","111","2","6074","35332864","106","4","58","100","104","38.9210312095769","27064","DNIC-ASBLK-27032-27159","ARIN","DoD Network Information Center","DNIC-ARIN","US","284","false","United States"
"","-3.02278684938075","111","7","1104","789760","204","100","","97","196","38.5558399893188","29119","SERVIHOSTING-AS","RIPE","ServiHosting Networks S.L.","ORG-SNS2-RIPE","ES","285","false","Spain"
"","13.8274751097163","111","5","473","4893952","549","527","1","17","108","61.8039146183497","6667","EUNET-FINLAND","RIPE","Elisa Oyj","ORG-EO1-RIPE","EU","286","false","European Union"
"","25.6992224387329","110","4","613","266752","205","110","","91","201","44.8535892321804","39737","NETVISION-AS","RIPE","Net Vision Telecom SRL","ORG-NVTS1-RIPE","RO","287","false","Romania"
"","-58.5209","109","5","2235","653568","22","8","","9","20","-34.5709","27988","","LACNIC","Servicios y Telecomunicaciones S.A.","@aut-27988-LACNIC","AR","288","false","Argentina"
"","-122.046672932825","109","3","659","7514112","103","3","1","97","98","33.2902515437196","20001","ROADRUNNER-WEST","ARIN","Time Warner Cable Internet LLC","RRMA-ARIN","US","289","false","United States"
"","11.6329392183168","109","3","615","6984448","1265","1171","","91","1262","43.3542111664092","1267","ASN-WINDTRE","RIPE","Wind Telecomunicazioni SpA","ORG-IA36-RIPE","EU","290","false","European Union"
"","26.0081584066315","108","4","372","473344","159","91","1","64","142","44.7980466652877","8953","ASN-ORANGE-ROMANIA","RIPE","Orange Romania S.A.","ORG-ORS1-RIPE","RO","291","false","Romania"
"","-3.14340794685396","107","4","647","4082944","134","110","","20","134","42.2733887787147","8657","MEO-INTERNACIONAL","RIPE","MEO - SERVICOS DE COMUNICACOES E MULTIMEDIA S.A.","ORG-CPRM1-RIPE","PT","292","false","Portugal"
"","11.2886659338522","107","4","395","739840","102","6","1","92","102","55.62783041133","42525","GlobalConnect-Network","RIPE","GlobalConnect A/S","ORG-GA85-RIPE","DK","293","false","Denmark"
"","","106","3","1773","1339904","17","","1","14","17","","35168","TNS-Plus-Core","RIPE","TNS-Plus LLP","ORG-TL194-RIPE","KZ","294","false","Kazakhstan"
"","-59.2953424451884","106","6","1750","1758720","8","1","","1","8","-32.8924948328574","19037","","LACNIC","AMX Argentina S.A.","@aut-19037-LACNIC","AR","295","false","Argentina"
"","100.193843368414","106","13","930","1949696","121","70","1","38","117","13.803392450533","45629","JASTEL-NETWORK-TH-AP","APNIC","JasTel Network International Gateway","ORG-JN1-AP-APNIC","TH","296","false","Thailand"
"","171.367087328321","106","11","493","378880","102","28","3","63","101","-37.2612902174559","45177","DEVOLI-AS-AP","APNIC","Vibe Heavy Industries","ORG-VCL1-AP-APNIC","NZ","297","false","New Zealand"
"","-58.495009555663","105","1","2217","649984","27","","24","26","27","-34.5811331981248","52376","","LACNIC","CABASE Camara Arg de Base de Datos y Serv en Linea","@family-22996","AR","298","false","Argentina"
"","-58.8524943973092","105","2","1658","1357312","90","1","","87","89","-34.275424518748","11664","","LACNIC","Techtel LMDS Comunicaciones Interactivas S.A.","@family-61538","AR","299","false","Argentina"
"","122.572037577325","105","20","1150","997120","231","117","10","94","216","18.07311225856","4775","GLOBE-TELECOM-AS","APNIC","Globe Telecoms","ORG-GT1-AP-APNIC","PH","300","false","Philippines"
"","-73.6051","105","6","679","2891008","94","26","","62","91","42.744","13536","TVC-AS1","ARIN","Tech Valley Communications","TVC-11-ARIN","US","301","false","United States"
"","27.6132752418259","104","4","1267","6666752","133","94","1","35","131","-29.0977722249116","16637","MTNNS-AS","AFRINIC","MTN SA","ORG-VSA1-AFRINIC","ZA","302","false","South Africa"
"","-84.4706","104","","659","737536","22","4","","18","22","42.7454","36280","INDATEL","ARIN","INDATEL SERVICES","INDAT-1-ARIN","US","303","false","United States"
"","-56.3344572708886","104","6","485","1198848","145","126","","13","141","43.7103734694456","46786","IPTRANSIT","ARIN","IP Transit Inc.","IPTRA-3-ARIN","US","304","false","United States"
"","26.0226308453804","104","3","447","267264","78","6","","69","78","44.5229699571862","12310","iNES","RIPE","iNES GROUP SRL","ORG-IGS3-RIPE","RO","305","false","Romania"
"","-74.6253632999815","104","1","348","2877184","102","2","1","99","101","40.1271144085267","33659","CMCS","ARIN","Comcast Cable Communications, LLC","CCCS-ARIN","US","306","false","United States"
"","24.9326439680587","104","3","307","757760","131","59","","69","131","60.9564520724508","47605","FNE-AS","RIPE","FNE-Finland Ltd","ORG-FL36-RIPE","FI","307","false","Finland"
"","46.620852237777","103","9","5496","5455360","148","107","2","32","148","24.5035464014943","39386","STC-IGW-AS","RIPE","Saudi Telecom Company JSC","ORG-SSTC1-RIPE","SA","308","false","Saudi Arabia"
"","37.010721498317","103","1","538","474624","41","2","1","38","40","50.7413373980791","201776","MIRANDA-AS","RIPE","Miranda-Media Ltd","ORG-ML281-RIPE","RU","309","false","Russia"
"","20.5870065615223","103","4","251","199168","139","67","1","68","90","51.7664169939354","29535","TPIX","RIPE","Orange Polska Spolka Akcyjna","ORG-PT1-RIPE","PL","310","false","Poland"
"","100.460344045439","102","2","1252","2459392","107","4","53","101","105","15.3020954635481","7470","TRUEINTERNET-AS-AP","APNIC","True Internet Co.,Ltd.","ORG-TICC1-AP-APNIC","TH","311","false","Thailand"
"","-0.0620014791348259","102","2","425","4136448","125","102","2","21","125","52.2149283633829","21320","GEANT_IAS_VRF","RIPE","GEANT Limited","ORG-DLCU1-RIPE","EU","312","false","European Union"
"","114.166589726698","101","7","1325","1403904","115","24","1","84","112","22.2795654278257","10103","HKBN-AS-AP","APNIC","HK Broadband Network Ltd.","ORG-HKBN1-AP-APNIC","HK","313","false","Hong Kong"
"","-85.6207227610303","101","6","941","1923072","222","153","","63","180","40.090919788482","13768","ASE","RIPE","ASE","@family-62108","CA","314","false","Canada"
"","-46.8287662751903","101","4","472","299008","67","31","","32","67","-23.3317987021629","52551","","LACNIC","SAMM Sociedade de Atividades em Multimidia LTDA","@aut-52551-LACNIC","BR","315","false","Brazil"
"","37.3648271897657","101","4","209","122368","105","14","1","87","105","55.9228075448759","31261","GARS-AS","RIPE","GARS Telecom - Telecommunications Management LLC","ORG-GT6-RIPE","RU","316","false","Russia"
"","37.6017617181459","100","5","750","322304","147","72","","70","146","55.7403660278383","199599","CIREX","RIPE","Telecom-Birzha, LLC","ORG-TL254-RIPE","RU","317","false","Russia"
"","","100","","619","2564096","63","2","","61","63","","20225","TELJET","ARIN","TelJet","TELJET-ARIN","US","318","false","United States"
"","-117.264490145437","100","7","480","319744","83","","3","76","83","38.7457130547809","12182","INTERNAP-2BLK","ARIN","Internap Network Services Corporation","PNAP-ARIN","US","319","false","United States"
"","65.8906139267456","99","8","1443","869376","83","","2","75","83","34.724619222214","55644","IDEANET1-IN","APNIC","Idea Cellular Limited","@family-19936","IN","320","false","India"
"","14.5526911453327","99","2","673","495872","380","326","","52","380","57.4880113167074","42708","PORTLANE","RIPE","Portlane AB","ORG-PS39-RIPE","SE","321","false","Sweden"
"","-105.964498021714","99","7","595","607488","105","","","98","105","39.9572132491568","13649","ASN-VINS","ARIN","ViaWest","VINS-ARIN","US","322","false","United States"
"","27.5067223180612","98","6","1505","4485376","64","14","","44","61","-27.0835485257562","36937","Neotel-AS","AFRINIC","Liquid Telecommunications South Africa (Pty) Ltd","ORG-NPL2-AFRINIC","ZA","323","false","South Africa"
"","114.083526167568","98","11","1500","2003712","178","87","3","80","173","22.5577003424938","9381","WTT-AS-AP","APNIC","WTT HK Limited","ORG-WHL1-AP-APNIC","HK","324","false","Hong Kong"
"","2.90756966462756","98","3","522","840448","166","85","","78","166","6.26660393648763","37282","MAINONE","AFRINIC","Mainone Cable Company","ORG-MCC1-AFRINIC","NG","325","false","Nigeria"
"","38.1077456437872","98","1","316","181760","97","","1","96","97","55.8502258855669","25159","SONICDUO-AS","RIPE","PJSC MegaFon","ORG-OM1-RIPE","RU","326","false","Russia"
"","18.9367195132868","98","3","224","251904","139","60","","76","140","50.3154705312553","31242","TKPSA-AS","RIPE","3S S.A.","ORG-TKPS1-RIPE","PL","327","false","Poland"
"","114.172161231203","97","10","1520","2858496","106","93","1","3","83","22.6652404232174","9269","HKBN-AS-AP","APNIC","HK Broadband Network Ltd.","ORG-HKBN1-AP-APNIC","HK","328","false","Hong Kong"
"","26.8803258402534","97","5","848","3980288","159","98","3","56","158","-26.5296533282833","5713","SAIX-NET","AFRINIC","Telkom SA Ltd.","ORG-TSL2-AFRINIC","ZA","329","false","South Africa"
"","-76.50043289551","97","2","396","2136832","115","49","","64","107","41.124185735039","6079","RCN-AS","ARIN","RCN","RTSL-6-ARIN","US","330","false","United States"
"","18.0173638677763","97","1","329","1562112","96","54","","41","96","48.4484865913682","5578","GTS-SK-AS","RIPE","BENESTRA, s.r.o.","ORG-GS9-RIPE","CZ","331","false","Czechia"
"","39.4749690672093","97","8","278","217088","86","13","2","65","85","56.1349107183959","49063","DTLN","RIPE","Dataline Ltd","ORG-DL76-RIPE","RU","332","false","Russia"
"","51.6011049776662","96","2","958","569344","93","2","","89","91","35.3361651120007","42337","RESPINA-AS","RIPE","Respina Networks & Beyond PJSC","ORG-RNB1-RIPE","IR","333","false","Iran"
"","-82.1251222562404","96","2","798","1482496","389","352","","35","303","32.1455582893918","19151","WVFIBER-1","ARIN","WV FIBER","WVFAC-ARIN","US","334","false","United States"
"","51.4248722700728","96","3","616","939008","47","1","","43","47","35.6335783951484","25184","AFRANET","RIPE","Afranet","ORG-AA32-RIPE","IR","335","false","Iran"
"","-76.7326699309481","96","1","370","3207936","99","3","1","95","96","39.0982490544192","33657","CMCS","ARIN","Comcast Cable Communications, LLC","CCCS-ARIN","US","336","false","United States"
"","-38.4504304710417","95","2","441","191744","1765","1742","","21","742","-12.8180164094188","52873","","LACNIC","SOFTDADOS CONECTIVIDADE","@aut-52873-LACNIC","BR","337","false","Brazil"
"","45.3128035771453","95","2","393","359680","48","18","","28","48","56.1222688404956","48276","LEVEL-AS","RIPE","Kompaniya Svyazi OOO","ORG-KSO3-RIPE","RU","338","false","Russia"
"","20.994227527842","95","","261","566784","56","5","2","51","55","52.2419440185706","24748","ATMAN-Poland-AS","RIPE","ATM S.A.","ORG-AS25-RIPE","PL","339","false","Poland"
"","116.297952056378","94","3","2321","15483136","97","5","","89","92","39.7796601637441","4847","CNIX-AP","APNIC","China Networks Inter-Exchange","@aut-4847-APNIC","CN","340","false","China"
"","100.497","94","11","763","506880","33","18","3","4","32","13.7493","7568","CSLOX-IIG-AS-AP","APNIC","CS LOXINFO PUBLIC COMPANY LIMITED","ORG-CLPC1-AP-APNIC","TH","341","false","Thailand"
"","24.6821275940944","94","5","454","1076736","127","86","1","36","126","54.9986708719927","13194","BITE","RIPE","UAB ""Bite Lietuva""","ORG-BGIS1-RIPE","LT","342","false","Lithuania"
"","7.65464412149165","94","7","330","551168","742","688","1","47","742","47.0195481045135","15576","NTS","RIPE","NTS workspace AG","ORG-AG1-RIPE","CH","343","false","Switzerland"
"","-109.813693978518","94","6","324","299776","101","2","","93","97","44.1322581536688","55002","DEFENSE-NET","RIPE","Duplicate of ARIN AS55002","@aut-55002-RIPE","US","344","false","United States"
"","28.3055700851319","92","7","460","816128","108","81","","20","108","43.0687978195082","47872","SOFIA-CONNECT-AS","RIPE","Sofia Connect EAD","ORG-SCE1-RIPE","BG","345","false","Bulgaria"
"","-74.3678083822365","92","4","458","475392","508","426","","78","114","45.5643368041034","22652","FIBRENOIRE-INTERNET","ARIN","Fibrenoire Inc.","FIBRE-1-ARIN","CA","346","false","Canada"
"","23.2710638179885","92","7","312","331008","174","106","","61","166","58.6089417256151","3327","CITIC","RIPE","CITIC Telecom CPC Netherlands B.V.","ORG-LTB1-RIPE","EE","347","false","Estonia"
"","15.9622570611988","91","1","731","8377344","94","7","1","86","91","58.9730123351008","3301","TELIANET-SWEDEN","RIPE","Telia Company AB","ORG-TA45-RIPE","EU","348","false","European Union"
"","-75.3936535049831","91","1","313","2605824","110","24","1","85","110","40.0609037457968","33287","COMCAST-33287","ARIN","Comcast Cable Communications, LLC","CCCS-ARIN","US","349","false","United States"
"","30.6593246634722","91","4","197","574976","99","59","","36","99","50.4038083931254","21497","UMC-AS","RIPE","PrJSC ""MTS UKRAINE""","ORG-UMC1-RIPE","UA","350","false","Ukraine"
"","-38.5837461153653","90","3","333","182784","95","31","","61","94","-12.9159038913224","28186","","LACNIC","ITS TELECOMUNICAÃÃES LTDA","@aut-28186-LACNIC","BR","351","false","Brazil"
"","174.698857119712","89","1","476","1027840","36","10","6","25","36","-38.1789684976083","9790","CALLPLUS-NZ-AP","APNIC","FX Networks Limited","ORG-CSL3-AP-APNIC","NZ","352","false","New Zealand"
"","1.95054155308333","89","9","388","412160","228","131","1","88","227","51.637054141381","15830","TELECITY-LON","RIPE","TELECITYGROUP INTERNATIONAL LIMITED","ORG-TP3-RIPE","DE","353","false","Germany"
"","-121.242148251319","88","22","897","379904","297","191","","84","127","38.365948736263","19551","INCAPSULA","ARIN","Incapsula Inc","INCAP-5-ARIN","US","354","false","United States"
"","-43.0316660404651","88","4","516","214784","177","112","","61","165","-21.9196260881123","28260","","LACNIC","ALTA REDE CORPORATE NETWORK TELECOM LTDA - EPP","@aut-28260-LACNIC","BR","355","false","Brazil"
"","-78.4086823128729","88","1","500","3596032","89","2","1","86","88","40.4126345979143","7016","CCCH-3","ARIN","Comcast Cable Communications, LLC","CCCS-ARIN","US","356","false","United States"
"","-49.3190494821658","88","2","441","270336","100","31","","67","100","-26.6050093516967","28343","","LACNIC","TPA TELECOMUNICACOES LTDA","@aut-28343-LACNIC","BR","357","false","Brazil"
"","15.699306089295","88","1","264","1120000","68","1","","66","67","48.0575059921791","8437","UTA-AS","RIPE","Tele2 Telecommunication GmbH","ORG-UTA1-RIPE","AT","358","false","Austria"
"","90.4071","87","5","571","204800","66","16","","45","66","23.7098","58682","LEVEL3-BD","APNIC","Level3 Carrier Ltd.","ORG-LCL1-AP-APNIC","BD","359","false","Bangladesh"
"","-80.09853155755","87","2","514","19812864","182","118","1","62","166","36.1799833345958","2686","ATGS-MMD-AS","ARIN","AT&T Global Network Services, LLC","ATGS-ARIN","US","360","false","United States"
"","-50.612241182861","87","4","432","302848","41","31","","6","37","-29.1227660749426","28299","","LACNIC","IPV6 Internet Ltda","@aut-28299-LACNIC","BR","361","false","Brazil"
"","10.3829436237431","87","6","313","468992","157","89","","62","156","44.6394695567723","28716","RETELIT-AS","RIPE","Reti Telematiche Italiane S.p.A. (Retelit S.p.A.)","ORG-ES10-RIPE","IT","362","false","Italy"
"","2.59405734337739","87","2","303","310784","62","40","","20","62","48.1686928909032","35280","ACORUS","RIPE","ACORUS NETWORKS SAS","ORG-ANS21-RIPE","FR","363","false","France"
"","-36.2417686309114","86","8","2773","2172416","158","125","1","25","158","58.0722933530431","8529","OMANTEL-AS","RIPE","Oman Telecommunications Company (S.A.O.G)","ORG-GTO1-RIPE","OM","364","false","Oman"
"","90.2973743826078","86","6","545","161280","79","15","","58","79","23.65251224164","58715","EARTHTELECOMMUNICATION-AS","APNIC","EARTH TELECOMMUNICATION (Pvt) LTD.","ORG-ETPL4-AP-APNIC","BD","365","false","Bangladesh"
"","10.7317190466136","86","3","396","3480576","82","15","4","64","79","61.0846962705622","2116","ASN-CATCHCOM","RIPE","Broadnet AS","ORG-BNA1-RIPE","NO","366","false","Norway"
"","44.5136","86","3","375","300032","114","100","1","11","114","40.1811","8932","UCOMINT","RIPE","Ucom LLC","ORG-UL31-RIPE","AM","367","false","Armenia"
"","-39.1615714202065","86","4","331","145920","1326","1289","","33","64","-12.3911937136416","52720","","LACNIC","WEBFOCO TELECOMUNICACOES LTDA","@aut-52720-LACNIC","BR","368","false","Brazil"
"","24.4843577661247","86","2","289","678656","60","15","","43","60","56.9447026874663","5518","TELIALATVIJA","RIPE","Telia Latvija SIA","ORG-TA154-RIPE","LV","369","false","Latvia"
"","14.6960930329031","86","4","139","238848","120","32","","84","120","46.1251739854704","34779","T-2-AS","RIPE","T-2, d.o.o.","ORG-TD6-RIPE","SI","370","false","Slovenia"
"","5.18868991320399","85","8","1470","11473152","163","125","","30","158","49.2824708644622","6774","ASN-BICS","RIPE","Belgacom International Carrier Services SA","ORG-BICS2-RIPE","EU","371","false","European Union"
"","34.8516642874969","85","10","1021","2281472","115","93","","12","113","32.0889582184881","9116","GOLDENLINES-ASN","RIPE","012 Smile Communications LTD.","ORG-GLIC1-RIPE","IL","372","false","Israel"
"","24.5176191409109","85","6","842","727552","142","86","1","50","141","42.8484123611204","41313","NOVATEL-AS","RIPE","""NOVATEL"" EOOD","ORG-NA318-RIPE","BG","373","false","Bulgaria"
"","","85","","835","716800","92","83","1","9","92","","41059","T-CIX","RIPE","""NOVATEL"" EOOD","ORG-NA318-RIPE","BG","374","false","Bulgaria"
"","23.8200102124734","85","4","621","338944","192","128","","60","185","42.712375038408","8262","EVOLINK-AS","RIPE","Evolink AD","ORG-NAL1-RIPE","BG","375","false","Bulgaria"
"","2.78090996790238","85","6","569","16240640","145","62","5","77","141","47.2323407706066","15557","LDCOMNET","RIPE","SFR SA","ORG-VF1-RIPE","FR","376","false","France"
"","16.1766073384679","85","1","472","1542656","77","1","","75","77","58.8830536990793","3246","TDCSONG","RIPE","Tele2 Sverige AB","ORG-TA44-RIPE","SE","377","false","Sweden"
"","-75.350539117486","85","1","439","6216192","88","4","1","83","84","43.0594960292513","11351","RR-NYSREGION-ASN-01","ARIN","Time Warner Cable Internet LLC","RRMA-ARIN","US","378","false","United States"
"","25.8707620747022","85","2","276","302592","89","4","","83","89","44.8230975708687","12302","Vodafone_Ro","RIPE","Vodafone Romania S.A.","ORG-MS15-RIPE","RO","379","false","Romania"
"","116.163492259473","84","4","3158","12339712","96","12","1","80","85","39.7428229308568","4808","CHINA169-BJ","APNIC","China Unicom IP network China169 Guangdong province","@family-17652","CN","380","false","China"
"","-93.9346934474542","84","7","592","1651456","76","2","2","67","75","34.5203449721449","62","CYRS","ARIN","CyrusOne LLC","CL-260-ARIN","US","381","false","United States"
"","24.5163976416066","84","8","389","235264","149","76","","65","147","42.4649741168871","31287","IPACCT-AS","RIPE","IPACCT Ltd.","ORG-APAO1-RIPE","BG","382","false","Bulgaria"
"","-43.8312773291795","84","3","389","190720","86","30","","53","86","-19.7050641728428","28250","","LACNIC","TELBRAX LTDA","@aut-28250-LACNIC","BR","383","false","Brazil"
"","72.1144562796978","83","9","3287","4812032","146","88","2","49","144","31.6720139016177","17557","PKTELECOM-AS-PK","APNIC","Pakistan Telecommunication Company Limited","ORG-PTCL1-AP-APNIC","PK","384","false","Pakistan"
"","25.0116130678414","83","7","509","1929728","197","140","","50","109","-29.0970721175838","37271","Workonline","AFRINIC","Workonline Communications(Pty) Ltd","ORG-WCL1-AFRINIC","ZA","385","false","South Africa"
"","90.4990215014729","83","7","413","141312","74","27","","40","74","23.6298476649884","58601","AAMRA-ATL-BD","APNIC","Aamra technologies limited","ORG-ATL3-AP-APNIC","BD","386","false","Bangladesh"
"","149.98524452931","83","8","302","130048","518","489","","21","51","-33.1722903448635","63956","COLO-AS-AP","APNIC","Colocation Australia Pty Ltd","ORG-CAPL2-AP-APNIC","AU","387","false","Australia"
"","-46.2541742031006","83","3","293","131328","53","26","","24","53","-22.9257015735251","264144","","LACNIC","ASAP GLOBAL TELECOM","@aut-264144-LACNIC","BR","388","false","Brazil"
"","-49.9600320791232","83","3","255","177664","113","29","","81","113","-24.8785824060199","14868","","LACNIC","COPEL TelecomunicaÃ§Ãµes S.A.","@aut-14868-LACNIC","BR","389","false","Brazil"
"","24.1195864300109","82","5","1030","1626112","151","96","3","50","147","55.0908487027454","8764","Telia-Lietuva","RIPE","Telia Lietuva, AB","ORG-LT1-RIPE","LT","390","false","Lithuania"
"","137.532923546444","82","4","954","13141248","105","20","1","81","105","36.0879496611432","2907","SINET-AS","JPNIC","Research Organization of Information and Systems, National Institute of Informatics","@family-54881","JP","391","false","Japan"
"","100.358047454732","82","2","618","473344","88","5","44","81","83","15.0167103617435","4750","CSLOXINFO-AS-AP","APNIC","CS LOXINFO PUBLIC COMPANY LIMITED","ORG-CLPC1-AP-APNIC","TH","392","false","Thailand"
"","27.5667","82","6","539","711936","76","68","","2","76","53.9","60280","NTEC","RIPE","Republican Unitary Enterprise ""National Traffic Exchange Center""","ORG-RUET1-RIPE","BY","393","false","Belarus"
"","144.823227327559","82","2","509","1252608","445","379","1","64","73","-36.1947471951774","38809","NXGNET-AS-AP","APNIC","Nextgen Networks","ORG-NN1-AP-APNIC","AU","394","false","Australia"
"","-83.6993695124764","82","1","417","3065856","82","3","1","78","80","42.4902124694442","33668","CMCS","ARIN","Comcast Cable Communications, LLC","CCCS-ARIN","US","395","false","United States"
"","60.0519560086221","81","7","338","328704","123","61","1","55","113","57.0658729360291","5563","URAL","RIPE","CJSC Ural WES","ORG-UN3-RIPE","RU","396","false","Russia"
"","-78.7756500519836","81","7","316","776960","84","","1","77","84","39.7557503601308","10913","INTERNAP-BLK","ARIN","Internap Network Services Corporation","PNAP-ARIN","US","397","false","United States"
"","-71.9027859523489","80","4","2053","858368","37","14","1","19","37","14.9176543399326","262206","","LACNIC","COMCEL GUATEMALA S.A.","@family-8721","GT","398","false","Guatemala"
"","27.5667","80","3","506","710912","34","","","31","34","53.9","60330","BCTBY-AS","RIPE","Belarusian Cloud Technologies JLLC","ORG-BCTJ1-RIPE","BY","399","false","Belarus"
"","-111.376776845821","80","1","289","3293952","75","1","1","73","75","40.7418502549857","33660","CMCS","ARIN","Comcast Cable Communications, LLC","CCCS-ARIN","US","400","false","United States"
"","18.8869348642096","80","4","226","156672","57","6","","47","57","52.1727361948002","50606","VIRTUAOPERATOR-AS","RIPE","Virtuaoperator Sp. z o.o.","ORG-VSZO14-RIPE","PL","401","false","Poland"
"","127.022951395706","79","6","2189","4063488","62","8","","48","62","37.544553717505","9848","SejongTelecom-AS-KR","APNIC","Sejong Telecom","@aut-9848-APNIC","KR","402","false","South Korea"
"","-100.529889128168","79","6","1449","1128192","80","1","","73","80","21.8028399674111","11172","","LACNIC","Alestra, S. de R.L. de C.V.","@aut-11172-LACNIC","MX","403","false","Mexico"
"","","79","1","933","277248","75","3","1","71","75","","11058","","LACNIC","CABASE Camara Arg de Base de Datos y Serv en Linea","@family-22996","AR","404","false","Argentina"
"","","79","","421","593408","670","656","2","14","670","","31025","IAG-AS","RIPE","GHOSTnet GmbH","ORG-GG3-RIPE","DE","405","false","Germany"
"","20.3507546955017","79","4","132","502784","134","67","2","63","134","51.8591253021532","8308","NASK-COMMERCIAL","RIPE","NAUKOWA I AKADEMICKA SIEC KOMPUTEROWA INSTYTUT BADAWCZY","ORG-NRAA1-RIPE","PL","406","false","Poland"
"","137.719501980676","78","6","1010","6087424","54","5","","43","53","35.5031544796497","2519","VECTANT","JPNIC","ARTERIA Networks Corporation","@aut-2519-JPNIC","JP","407","false","Japan"
"","-96.2026717310785","78","5","822","3324672","91","21","","65","89","34.5476566556871","19108","SUDDENLINK-COMMUNICATIONS","ARIN","Suddenlink Communications","SUDDE-ARIN","US","408","false","United States"
"","-84.052327611452","78","5","653","6437120","82","4","","73","76","30.6212546965047","33363","BHN-TAMPA","ARIN","BRIGHT HOUSE NETWORKS, LLC","BHN-2-ARIN","US","409","false","United States"
"","-80.1211134701172","78","1","378","5074432","82","7","2","74","76","35.2090696568052","11426","SCRR-11426","ARIN","Time Warner Cable Internet LLC","RRMA-ARIN","US","410","false","United States"
"","31.9221585211499","78","1","270","382976","77","1","6","75","77","59.1294170848507","20632","PETERSTAR-AS","RIPE","PJSC MegaFon","ORG-OM1-RIPE","RU","411","false","Russia"
"","31.1875042701405","78","3","148","990464","110","63","1","44","108","49.5225299426548","15895","KSNET-AS","RIPE","""Kyivstar"" PJSC","ORG-KG8-RIPE","UA","412","false","Ukraine"
"","-113.564074449478","77","11","1193","963840","151","97","","43","133","36.6107728403622","40676","ASN-PSYCHZ","RIPE","Psychz Networks","@aut-40676-RIPE","US","413","false","United States"
"","-87.9169558117691","77","2","874","3325696","143","130","1","11","132","28.7672228824851","20080","AMPATH","ARIN","Florida International University","FIU-1-ARIN","US","414","false","United States"
"","-42.6148804351466","77","3","380","228864","77","35","","39","73","-22.3220804584171","28210","","LACNIC","VM OPENLINK COMUNICAÃÃO MULTIMIDIA E INFORMÃTICA L","@aut-28210-LACNIC","BR","415","false","Brazil"
"","114.945","76","5","740","1443328","32","18","","9","32","60.7269","60388","TRANSNEFT-TELECOM-AS","RIPE","Limited Liability Company ""Transneft Telecom""","ORG-TL274-RIPE","RU","416","false","Russia"
"","-94.3818677658791","76","6","549","611328","54","1","2","47","54","35.1432894825247","12179","INTERNAP-2BLK","ARIN","Internap Network Services Corporation","PNAP-ARIN","US","417","false","United States"
"","-50.0140059861502","76","3","428","199424","65","31","","31","65","-21.1837314392365","28263","","LACNIC","Ensite Brasil TelecomunicaÃ§Ãµes Ltda - ME","@aut-28263-LACNIC","BR","418","false","Brazil"
"","-80.0961077524838","76","5","386","512768","72","9","1","58","72","44.4363623715163","23498","CDSI","ARIN","COGECODATA","CDS-254-ARIN","CA","419","false","Canada"
"","-4.0078981177126","76","5","342","650240","3009","2977","","27","2712","-4.57724928835945","37468","ANGOLA-CABLES","AFRINIC","Angola Cables","ORG-AC4-AFRINIC","AO","420","false","Angola"
"","-114.207649174632","76","6","261","374272","79","1","","72","79","36.3523483298843","22911","SINAP-TIX","ARIN","SINAP-TIX, LLC","SINAP-1-ARIN","US","421","false","United States"
"","11.363212046708","76","5","252","993280","166","96","","65","166","48.4337470336398","8767","MNET-AS","RIPE","M-net Telekommunikations GmbH","ORG-MTG1-RIPE","DE","422","false","Germany"
"","-71.1037807572437","75","3","655","12126208","30","2","1","25","29","42.3661161951657","10578","GIGAPOP-NE","ARIN","Harvard University","HARVAR-ARIN","US","423","false","United States"
"","-58.6736589612096","75","2","634","242432","68","1","","65","68","-34.4275983634446","11014","","LACNIC","CPS","@aut-11014-LACNIC","AR","424","false","Argentina"
"","-59.3978648492288","75","4","442","313344","60","2","","54","58","-33.6538840437679","16814","","LACNIC","NSS S.A.","@family-5494","AR","425","false","Argentina"
"","82.7467722177125","75","1","338","365312","72","","","71","72","54.7518772546549","21127","ZSTTKAS","RIPE","JSC ""Zap-Sib TransTeleCom"", Novosibirsk","ORG-JTN1-RIPE","RU","426","false","Russia"
"","37.5404","75","2","282","264960","8","1","","5","8","55.8049","52091","LEVEL-MSK-AS","RIPE","Level-MSK Ltd.","ORG-LL304-RIPE","RU","427","false","Russia"
"","-68.0726289071638","74","7","848","522240","60","4","","49","57","-15.2158169537087","18747","IFX18747","ARIN","IFX Corporation","IFXC-ARIN","US","428","false","United States"
"","28.7241357786075","74","5","304","690944","76","67","1","4","65","47.0542664520397","8926","MOLDTELECOM-AS","RIPE","Moldtelecom SA","ORG-MS14-RIPE","MD","429","false","Moldova"
"","-70.8519729218541","73","1","703","3799808","51","1","","49","51","-33.3461245532515","7004","","LACNIC","CTC Transmisiones Regionales S.A.","@aut-7004-LACNIC","CL","430","false","Chile"
"","-79.6769896660866","73","4","362","1461248","39","12","","23","38","43.4774607662064","7992","COGECOWAVE","ARIN","Cogeco Cable","COGECO-ARIN","CA","431","false","Canada"
"","30.2496038935977","73","5","206","174848","82","15","","62","81","59.9319103379901","56534","PIRIX-INET-AS","RIPE","Comfortel Ltd.","ORG-CL253-RIPE","EE","432","false","Estonia"
"","-100.224708434876","72","14","5595","14198784","84","6","3","64","79","21.4661731613948","8151","","LACNIC","Uninet S.A. de C.V.","@family-5555","MX","433","false","Mexico"
"","34.2778264698794","72","2","319","790784","72","1","","69","70","32.7244550024282","12400","PARTNER-AS","RIPE","Partner Communications Ltd.","ORG-PCL2-RIPE","IL","434","false","Israel"
"","19.2021549752484","72","3","256","664832","118","95","","20","114","52.348368348321","29314","VECTRANET-AS","RIPE","VECTRA S.A.","ORG-TKDS1-RIPE","PL","435","false","Poland"
"","103.85","71","8","1532","1369856","37","22","3","7","37","1.283","38861","STARHUB-INTERNET-EXCHANGE-AS-AP","APNIC","Singapore Government Network AS","ORG-SIPL5-AP-APNIC","SG","436","false","Singapore"
"","-43.1207209966383","71","2","714","3056640","1707","1676","","29","1707","-16.1105104006669","1916","","LACNIC","AssociaÃ§Ã£o Rede Nacional de Ensino e Pesquisa","@family-66929","BR","437","false","Brazil"
"","-80.491294353424","71","4","678","404224","55","10","","41","55","10.4946947919345","52468","","LACNIC","UFINET PANAMA S.A.","@family-32931","PA","438","false","Panama"
"","-82.5166129102753","71","6","616","2262784","94","45","","43","93","29.4898407807344","11096","FLORIDANET","ARIN","FloridaNet","FLORID-23-ARIN","US","439","false","United States"
"","25.6311642285167","71","4","384","287744","133","76","","53","130","45.2413999030373","6910","DialTelecomRO","RIPE","Digital Cable Systems S.A.","ORG-DCSS4-RIPE","RO","440","false","Romania"
"","15.3943912579254","71","3","182","2667264","72","31","2","38","67","47.9907169894122","1853","ACOnet","RIPE","ACONET","ORG-AA1-RIPE","EU","441","false","European Union"
"","","70","1","1689","4972800","55","31","3","23","55","","3910","CENTURYLINK-EUROPE-LEGACY-QWEST","ARIN","Qwest Communications Company, LLC","QCC-18-ARIN","US","442","false","United States"
"","-88.3759862452388","70","5","289","570368","65","1","2","59","65","41.8173379125611","19024","INTERNAP-BLK5","ARIN","Internap Network Services Corporation","PNAP-ARIN","US","443","false","United States"
"","107.173898959519","69","6","476","172544","123","50","2","67","118","-5.60524760458785","4800","LINTASARTA-AS-AP","APNIC","Network Access Provider and Internet Service Provider","@family-20789","ID","444","false","Indonesia"
"","-87.5295035123996","69","10","380","2170880","107","37","1","60","101","44.9099020827564","2687","ATGS-MMD-AS","ARIN","AT&T Global Network Services, LLC","ATGS-ARIN","US","445","false","United States"
"","25.9933975343585","68","5","669","2889216","92","63","1","24","90","-28.401056179193","36994","Vodacom-VB","AFRINIC","Vodacom","ORG-VA67-AFRINIC","ZA","446","false","South Africa"
"","24.9821271960331","68","3","519","337408","40","1","1","36","39","45.180342696285","5541","AdNet-Telecom","RIPE","SC AD NET MARKET MEDIA SRL","ORG-ANMM1-RIPE","RO","447","false","Romania"
"","-84.4790735601476","68","4","368","4155136","82","15","","63","81","39.1738457921382","6181","FUSE-NET","ARIN","Cincinnati Bell Telephone Company LLC","CBTL-6-ARIN","US","448","false","United States"
"","-80.5809316395948","67","5","1648","1756416","70","13","","52","69","33.8062585883197","2711","SPIRITTEL-AS","ARIN","Spirit Communications","SCTGHL-ARIN","US","449","false","United States"
"","-46.1598172428439","67","2","326","285952","84","32","","50","84","-23.2186834723161","28226","","LACNIC","Vogel SoluÃ§Ãµes em Telecom e InformÃ¡tica S/A","@aut-28226-LACNIC","BR","450","false","Brazil"
"","-46.4533912134516","67","3","282","111360","71","30","","38","71","-23.2187483793301","262760","","LACNIC","76 TELECOMUNICAÃÃO LTDA","@aut-262760-LACNIC","BR","451","false","Brazil"
"","44.5288286949045","66","5","515","194304","74","19","","50","74","47.443214795289","57724","DDOS-GUARD","RIPE","DDOS-GUARD LTD","ORG-DL236-RIPE","RU","452","false","Russia"
"","-10.1565398662692","66","4","323","1341952","159","135","","20","151","51.3007203085111","8560","ONEANDONE-AS","RIPE","1&1 Internet SE","ORG-SA12-RIPE","DE","453","false","Germany"
"","90.4071","66","5","319","80128","47","17","","25","47","23.7098","132267","NOVOCOM-BD","APNIC","NovoCom Limited","ORG-NL5-AP-APNIC","BD","454","false","Bangladesh"
"","24.0919868921814","66","3","223","332032","43","","","40","43","56.9310625819701","2588","LatnetServiss-AS","RIPE","LATNET SERVISS Ltd.","ORG-LA12-RIPE","LV","455","false","Latvia"
"","112.854497680409","65","15","4702","18760960","84","30","","39","77","23.9582830502153","10099","UNICOM-Global","APNIC","China Unicom Global","ORG-CUKO1-AP-APNIC","HK","456","false","Hong Kong"
"","30.3172127900157","65","4","1494","1735168","54","12","1","38","53","49.6533008327885","6849","UKRTELNET","RIPE","PJSC ""Ukrtelecom""","ORG-USTC1-RIPE","UA","457","false","Ukraine"
"","-99.3284720428413","65","5","1217","1922304","81","15","1","61","81","23.5074214260209","18734","","LACNIC","Operbes, S.A. de C.V.","@family-5530","MX","458","false","Mexico"
"","114.195345984952","65","1","997","1503232","74","20","","53","73","22.4353303985265","4515","ERX-STAR","APNIC","Powerbase DataCenter Services (HK) Ltd.","ORG-PIL1-AP-APNIC","HK","459","false","Hong Kong"
"","-92.3073978879982","65","10","480","17038336","206","181","1","15","204","55.1427551154538","22822","LLNW","ARIN","Limelight Networks, Inc.","LLNW-ARIN","US","460","false","United States"
"","-83.8784616133619","65","13","454","868864","79","13","","53","79","42.5452260917314","12129","123NET","ARIN","123.Net, Inc.","NETIN-6-ARIN","US","461","false","United States"
"","44.7828","65","5","363","725760","32","10","","17","31","41.7215","20771","CAUCASUS-CABLE-SYSTEM","RIPE","Caucasus Online Ltd.","ORG-CNL1-RIPE","GE","462","false","Georgia"
"","-114.746755159471","65","8","363","511488","60","","2","52","60","35.5057578348144","10912","INTERNAP-BLK","ARIN","Internap Network Services Corporation","PNAP-ARIN","US","463","false","United States"
"","147.675590113827","65","1","265","168192","108","47","4","60","107","-32.3106869310581","24130","TPG-AU","APNIC","TPG Telecom Limited","ORG-TIPL2-AP-APNIC","AU","464","false","Australia"
"","17.3509763062054","65","6","186","875264","32","1","1","25","32","52.1830295487612","8501","PIONIER-AS","RIPE","Institute of Bioorganic Chemistry Polish Academy of Science, Poznan Supercomputing and Networking Center","ORG-PSAN1-RIPE","PL","465","false","Poland"
"","16.2564842937573","65","2","141","457216","32","2","2","28","32","44.4242641755116","15994","Vipnet","RIPE","VIPnet d.o.o.","ORG-VGD1-RIPE","HR","466","false","Croatia"
"","-70.6145951025389","64","4","1177","956416","59","2","","53","58","-33.2155568332934","14259","","LACNIC","Gtd Internet S.A.","@family-7806","CL","467","false","Chile"
"","-122.808584810637","64","5","413","543232","68","16","","47","67","44.5882160088482","25899","LSNET","ARIN","LS Networks","LSNET-1-ARIN","US","468","false","United States"
"","-79.3839728484241","64","4","357","870912","86","24","1","58","86","37.9488367236698","7795","LUMOS","ARIN","LUMOS Networks, Inc.","LN-19-ARIN","US","469","false","United States"
"","11.5992347109665","64","4","244","679936","104","85","","15","102","48.2166802934995","21385","TNIB","RIPE","Trusted Network GmbH","ORG-TN3-RIPE","DE","470","false","Germany"
"","14.1083401130081","64","4","153","249600","89","37","3","48","89","50.2350928991303","47232","ISPAlliance","RIPE","ISP Alliance a.s.","ORG-GSA22-RIPE","CZ","471","false","Czechia"
"","37.6316008392988","64","1","95","45824","64","","1","63","64","55.7650503662698","6731","COMSTAR-AS","RIPE","MTS PJSC","ORG-ZM1-RIPE","RU","472","false","Russia"
"","72.5224082793818","63","5","1420","1688064","69","17","1","47","66","47.4723230206514","9198","KAZTELECOM-AS","RIPE","JSC Kazakhtelecom","ORG-KDNA1-RIPE","KZ","473","false","Kazakhstan"
"","-118.498768664429","63","7","576","899840","47","","","40","46","35.6278859480947","14265","US-TELEPACIFIC","ARIN","TPx Communications","TPAC-ARIN","US","474","false","United States"
"","-113.750206380907","63","3","457","817920","78","73","","2","14","35.9040836313541","27630","AS-XFERNET","ARIN","XFERNET","PPHL-4-ARIN","US","475","false","United States"
"","-84.9624211359628","63","1","441","2426880","62","1","2","60","62","34.0813206512759","7725","COMCAST-7725","ARIN","Comcast Cable Communications, LLC","CCCS-ARIN","US","476","false","United States"
"","24.5420251273097","63","3","339","2550784","87","29","1","55","85","60.9459899239029","16086","DNA","RIPE","DNA Oyj","ORG-FNL1-RIPE","FI","477","false","Finland"
"","31.681546178552","63","11","282","185088","71","27","1","33","66","49.8487283019016","50581","UTG","RIPE","Ukraine telecommunication group Ltd.","ORG-UTEL2-RIPE","UA","478","false","Ukraine"
"","-2.83559819959301","62","3","4864","6784512","51","10","","38","47","40.023252703841","12479","UNI2-AS","RIPE","Orange Espagne SA","ORG-ULT1-RIPE","ES","479","false","Spain"
"","99.5925609893896","62","8","1454","1128960","123","96","8","19","122","21.3013519568293","45430","SBN-AWN-IIG-AS-AP","APNIC","Advance Datanetwork Communications Co.,Ltd. BuddyB service. Bangkok","ORG-AWNC1-AP-APNIC","TH","480","false","Thailand"
"","-92.3415613474965","62","1","1200","3915520","54","2","2","51","54","37.756521838201","22561","CENTURYLINK-LEGACY-LIGHTCORE","ARIN","CenturyTel Internet Holdings, Inc.","CIH-12-ARIN","US","481","false","United States"
"","37.5564910167797","62","5","499","218880","24","15","","4","19","55.7996790780726","39134","UNITEDNET","RIPE","United Network LLC","ORG-SL92-RIPE","RU","482","false","Russia"
"","176.209418602537","62","10","431","1653504","24","10","3","4","22","-38.0863517520097","9500","VODAFONE-TRANSIT-AS","APNIC","Globe.Net","ORG-VNZL1-AP-APNIC","NZ","483","false","New Zealand"
"","15.8417099303052","62","2","294","1030912","167","111","1","54","155","58.9281503193966","8473","BAHNHOF","RIPE","Bahnhof Internet AB","ORG-BIA1-RIPE","SE","484","false","Sweden"
"","8.89134010485462","62","4","273","1858304","114","76","1","34","109","50.943236165006","20676","QSC-1","RIPE","QSC AG","ORG-QA1-RIPE","DE","485","false","Germany"
"","","62","1","253","2044416","56","1","1","54","56","","33490","COMCAST-33490","ARIN","Comcast Cable Communications, LLC","CCCS-ARIN","US","486","false","United States"
"","-84.3181574179441","61","6","1052","1666816","93","35","2","52","91","38.070853072753","12083","WOW-INTERNET","ARIN","WideOpenWest Finance LLC","WOPW-ARIN","US","487","false","United States"
"","106.75","61","3","889","206336","129","115","1","11","110","-6.133","38158","CBN-NETWORKS-AS-ID","APNIC","PT. Cyberindo Aditama","@family-18226","ID","488","false","Indonesia"
"","138.161288339922","61","1","409","3363840","56","","1","55","56","35.8003741952348","4725","ODN","JPNIC","SoftBank Mobile Corp.","@family-44996","JP","489","false","Japan"
"","-59.3229519419124","61","3","377","625664","62","","2","59","62","-35.0949581606724","10834","","LACNIC","Telefonica de Argentina","@family-55781","AR","490","false","Argentina"
"","24.2271818235912","61","1","340","4258560","59","4","6","54","57","60.8668644617834","719","ELISA-AS","RIPE","Elisa Oyj","ORG-EO1-RIPE","EU","491","false","European Union"
"","-92.9109047856863","61","2","273","1233408","414","358","1","54","104","41.4837873997981","4181","TDS-AS","ARIN","TDS TELECOM","TDST-ARIN","US","492","false","United States"
"","-76.9062786527011","61","1","251","1923840","49","6","","42","49","44.2831878423432","26677","ORION-ASN","ARIN","ORANO","ORANO-ARIN","CA","493","false","Canada"
"","31.3945469706914","61","2","140","162048","130","93","3","35","130","49.782411601419","29632","NASSIST-AS","RIPE","NetAssist LLC","ORG-NL64-RIPE","UA","494","false","Ukraine"
"","30.4924972582919","61","2","130","85248","39","9","","28","39","50.4941597206596","21488","EMPLOT-AS","RIPE","Emplot Ltd.","ORG-EL10-RIPE","UA","495","false","Ukraine"
"","15.107421931465","61","4","118","145920","145","83","","58","141","45.84387584311","9119","SOFTNET-AS","RIPE","SOFTNET d.o.o.","ORG-SA59-RIPE","SI","496","false","Slovenia"
"","-86.7631433386109","60","5","430","463616","458","414","","39","76","30.8442114643804","13760","SOUTHERN-LIGHT","ARIN","Southern Light, LLC","SOUTH-4-ARIN","US","497","false","United States"
"","-83.2363110303183","60","4","391","3465216","59","","1","55","58","40.274791723807","600","OARNET-AS","ARIN","OARnet","OAR-Z-ARIN","US","498","false","United States"
"","","60","","","","34","1","","33","34","","13538","TELEHOUSE","ARIN","TELEHOUSE International Corp. of America","TICA-ARIN","US","499","false","United States"
"","31.1880580849136","59","2","417","845824","40","7","1","31","39","49.7625348148964","25229","VOLIA-AS","RIPE","Kyivski Telekomunikatsiyni Merezhi LLC","ORG-VI4-RIPE","UA","500","false","Ukraine"
